time_s,L1_heel,L2_lateral_forefoot,L3_medial_forefoot,R1_heel,R2_lateral_forefoot,R3_medial_forefoot
0.0,4.4,0.0,0.0,0.0,0.2,1.2
0.01,0.3,3.7,0.0,0.0,0.0,0.0
0.02,2.4,0.0,2.3,3.0,0.0,0.0
0.03,4.9,0.0,0.0,2.7,2.6,3.6
0.04,0.0,0.0,0.0,0.0,0.0,0.6
0.05,2.5,1.9,1.5,0.2,0.0,0.0
0.06,0.0,0.0,2.4,0.0,6.7,1.9
0.07,4.1,0.0,0.0,0.0,1.5,0.0
0.08,0.0,0.0,3.9,0.0,0.0,3.4
0.09,3.7,0.5,3.8,3.8,0.0,2.0
0.1,0.0,0.7,0.0,4.8,0.0,0.0
0.11,1.6,0.1,6.6,0.0,3.2,0.0
0.12,1.1,0.0,4.7,4.5,0.0,0.0
0.13,0.0,3.2,0.8,0.0,0.0,10.4
0.14,0.0,1.5,0.0,0.0,0.0,0.0
0.15,0.0,1.3,3.2,0.0,0.0,0.0
0.16,3.7,1.5,2.1,0.0,0.0,4.4
0.17,6.0,6.4,0.0,0.0,0.8,3.5
0.18,7.8,0.0,6.4,0.5,0.3,1.4
0.19,2.1,0.0,0.0,3.1,5.7,0.0
0.2,1.0,0.0,0.0,0.0,0.2,2.2
0.21,1.8,5.0,1.8,0.5,0.0,0.0
0.22,8.9,5.3,0.0,3.9,5.5,0.0
0.23,7.8,31.1,4.7,0.0,1.2,1.6
0.24,8.9,61.3,25.4,0.0,0.5,2.0
0.25,8.0,89.3,58.9,0.0,0.0,0.0
0.26,6.5,120.7,93.3,8.0,0.3,5.1
0.27,4.8,141.0,111.3,6.0,0.0,3.3
0.28,0.0,166.1,144.5,0.0,0.0,0.0
0.29,0.0,191.0,171.1,4.7,0.0,0.0
0.3,0.0,218.4,202.0,0.0,1.1,0.0
0.31,0.0,254.7,228.8,0.0,4.2,0.0
0.32,2.4,269.9,253.6,0.0,3.6,2.5
0.33,2.7,293.9,277.3,0.0,1.8,0.0
0.34,1.1,313.8,303.2,0.0,0.0,0.0
0.35,2.0,335.8,325.8,0.0,0.0,0.0
0.36,0.5,358.9,349.0,1.7,0.0,5.4
0.37,0.0,377.6,376.5,2.6,4.0,1.0
0.38,0.0,395.1,386.3,0.0,0.0,6.3
0.39,2.8,411.1,411.9,0.0,0.0,0.0
0.4,0.0,425.8,424.8,0.0,0.0,0.0
0.41,3.4,443.9,453.3,6.4,4.8,0.0
0.42,3.6,456.2,461.4,2.5,0.1,0.0
0.43,0.0,476.9,470.2,5.7,0.0,0.0
0.44,0.0,483.7,487.1,7.1,0.2,0.0
0.45,0.0,486.5,493.6,0.0,0.5,0.0
0.46,0.0,492.9,506.8,3.3,0.0,0.0
0.47,2.5,502.9,520.2,0.0,4.8,0.1
0.48,0.0,505.7,530.1,4.1,4.7,0.0
0.49,0.0,512.3,534.3,3.3,0.1,1.3
0.5,0.0,513.0,533.3,0.0,0.0,0.0
0.51,0.0,516.7,538.2,1.6,1.0,0.0
0.52,0.0,516.5,539.8,0.0,0.0,3.7
0.53,0.0,516.6,544.7,0.0,5.4,0.0
0.54,0.0,512.0,530.7,0.0,6.0,3.4
0.55,0.0,504.6,535.1,3.6,2.6,0.0
0.56,1.8,507.0,519.1,0.0,0.0,0.7
0.57,0.0,496.2,521.0,0.0,0.0,2.1
0.58,0.0,483.6,505.1,0.0,0.0,0.0
0.59,1.4,471.9,494.7,0.0,0.0,0.0
0.6,9.7,458.0,484.6,1.6,0.0,0.0
0.61,4.3,444.8,469.6,4.8,0.7,0.0
0.62,2.7,441.0,459.9,2.1,1.8,2.3
0.63,0.0,425.2,447.3,2.3,4.9,0.0
0.64,0.0,402.4,416.9,3.0,0.0,4.6
0.65,0.0,392.5,406.2,3.3,0.0,7.0
0.66,1.0,370.7,383.0,4.1,0.0,0.0
0.67,0.0,349.1,370.3,10.0,1.1,4.8
0.68,0.9,330.9,350.6,3.2,0.0,0.0
0.69,0.0,308.1,321.4,1.1,0.0,1.5
0.7,0.0,283.6,295.6,0.0,0.0,0.0
0.71,0.0,258.6,267.3,1.2,0.0,4.9
0.72,5.0,235.0,256.2,4.6,2.6,1.4
0.73,0.6,204.1,227.5,0.0,0.0,0.0
0.74,0.0,181.9,187.5,5.0,6.0,0.0
0.75,0.0,166.3,170.7,0.0,0.0,0.0
0.76,3.6,129.4,135.8,0.0,4.7,0.0
0.77,0.0,98.5,109.9,2.1,0.0,4.9
0.78,2.1,82.5,78.3,0.0,0.0,4.3
0.79,0.0,52.6,46.5,6.3,27.5,0.0
0.8,0.7,25.3,25.3,3.5,56.6,14.8
0.81,0.1,0.0,7.6,13.3,83.7,51.6
0.82,0.0,3.6,0.0,10.0,110.4,78.0
0.83,2.3,6.1,3.6,6.5,131.8,96.6
0.84,6.1,0.0,4.2,3.3,166.1,144.1
0.85,1.5,2.5,2.9,0.0,187.0,160.3
0.86,0.4,4.5,8.0,1.8,198.1,194.4
0.87,0.0,0.0,3.8,0.0,235.0,215.1
0.88,3.8,6.0,7.2,0.0,257.6,236.6
0.89,0.0,4.5,0.0,0.0,281.5,267.2
0.9,2.2,0.0,3.0,5.5,308.2,285.6
0.91,3.0,6.4,6.0,0.0,329.1,315.2
0.92,4.0,0.0,0.0,6.5,346.6,334.9
0.93,4.0,0.0,0.0,0.0,375.9,361.1
0.94,3.9,2.7,0.0,4.9,384.5,384.7
0.95,0.0,4.2,0.0,4.2,403.0,405.6
0.96,0.0,0.4,2.2,3.8,421.8,418.4
0.97,0.0,0.0,0.0,0.2,444.7,440.4
0.98,0.0,0.0,0.0,0.0,460.1,452.7
0.99,6.1,0.0,0.0,0.0,470.0,479.5
1.0,0.0,3.4,0.0,0.0,484.3,493.1
1.01,0.0,0.0,0.0,0.0,498.9,501.6
1.02,0.0,0.0,0.0,0.0,505.8,524.7
1.03,0.0,0.0,3.3,0.0,523.1,532.4
1.04,9.0,0.0,5.5,0.0,534.8,540.3
1.05,0.0,0.0,0.0,0.0,535.1,547.6
1.06,1.8,0.0,0.9,0.5,543.3,554.4
1.07,0.0,0.0,0.0,0.0,547.1,559.8
1.08,0.0,3.9,0.0,0.0,555.5,572.2
1.09,0.0,0.0,4.1,0.7,560.0,571.8
1.1,0.0,0.0,8.0,4.1,551.5,568.3
1.11,0.0,6.3,0.0,4.2,552.6,578.0
1.12,0.0,3.4,7.3,1.2,554.0,571.4
1.13,0.5,4.1,0.0,0.0,548.7,565.5
1.14,0.0,2.0,0.0,1.4,539.2,573.2
1.15,0.0,5.2,6.7,7.2,529.8,555.5
1.16,0.4,3.5,0.0,2.0,527.5,549.8
1.17,3.0,0.0,3.7,1.0,522.9,545.0
1.18,4.8,0.0,0.0,4.3,510.3,536.7
1.19,0.0,0.0,0.0,0.2,496.8,521.6
1.2,0.0,0.0,0.0,0.0,486.7,503.6
1.21,0.0,0.0,0.0,1.8,483.1,499.1
1.22,0.0,0.0,5.0,0.7,456.8,480.1
1.23,5.6,0.0,0.9,0.0,444.6,466.9
1.24,0.0,5.6,0.0,2.2,427.2,448.0
1.25,0.0,0.0,0.0,0.0,419.5,428.7
1.26,0.0,0.1,1.2,0.0,387.2,412.7
1.27,6.5,0.0,3.5,0.0,370.4,390.9
1.28,0.0,0.0,0.0,0.0,353.4,368.8
1.29,0.0,3.7,3.9,0.0,332.5,353.7
1.3,0.0,0.8,1.1,0.0,314.3,322.8
1.31,0.0,31.6,0.0,6.7,291.0,301.8
1.32,4.4,61.7,33.1,1.8,260.6,278.0
1.33,0.0,92.1,57.5,0.0,240.6,246.0
1.34,0.0,115.1,84.5,0.0,213.9,222.2
1.35,0.0,149.9,118.9,0.0,187.5,199.9
1.36,0.0,170.1,148.5,0.0,167.7,172.7
1.37,0.0,200.4,176.2,0.0,138.6,142.3
1.38,0.0,223.6,210.0,10.2,117.5,117.5
1.39,0.0,252.5,234.7,0.0,86.4,90.5
1.4,3.2,282.1,258.9,0.2,61.3,63.3
1.41,2.1,296.4,285.2,0.0,19.7,35.1
1.42,7.8,320.0,310.4,0.0,3.8,8.6
1.43,0.4,339.9,336.0,0.0,1.6,0.4
1.44,2.4,359.8,356.9,0.0,2.0,0.0
1.45,0.0,378.7,377.6,0.7,6.0,0.0
1.46,6.8,399.5,393.2,2.8,2.3,0.0
1.47,0.0,413.3,414.6,1.9,0.0,3.4
1.48,21.5,428.9,436.2,4.9,2.0,5.5
1.49,62.2,433.4,451.9,0.0,3.2,0.0
1.5,95.0,464.3,459.9,0.0,0.0,4.6
1.51,132.2,476.6,476.7,10.0,0.0,4.4
1.52,171.7,482.4,486.7,4.2,3.0,1.2
1.53,206.2,484.5,505.7,0.0,0.0,2.1
1.54,237.5,489.6,509.5,0.4,4.3,3.8
1.55,264.3,493.5,516.7,0.0,0.6,0.0
1.56,292.8,505.8,519.5,0.0,0.0,1.0
1.57,319.8,510.2,520.3,8.0,0.1,2.2
1.58,332.9,506.1,522.4,3.8,0.0,0.0
1.59,355.3,507.5,525.7,0.0,2.4,7.6
1.6,358.4,503.0,520.6,0.0,1.6,4.4
1.61,384.2,493.6,519.7,0.0,0.0,4.4
1.62,385.6,494.6,512.7,0.0,0.7,1.6
1.63,389.6,486.7,506.0,1.3,2.0,0.0
1.64,392.3,469.7,497.2,0.0,1.7,0.0
1.65,391.7,466.2,483.1,0.0,3.8,0.0
1.66,391.5,450.2,471.7,0.0,0.0,2.8
1.67,364.8,436.1,462.8,0.0,0.0,2.2
1.68,353.1,423.7,451.1,2.8,0.0,6.8
1.69,339.6,407.2,430.6,1.2,4.6,0.0
1.7,314.7,391.6,397.5,0.0,0.4,0.0
1.71,296.9,365.8,386.1,4.5,0.0,0.0
1.72,266.0,351.4,368.7,4.3,0.0,0.0
1.73,240.9,323.3,341.7,0.0,1.9,6.0
1.74,204.7,305.0,318.2,0.0,4.2,0.0
1.75,174.3,282.0,296.8,7.1,0.0,1.0
1.76,133.0,262.3,274.5,6.4,1.6,3.3
1.77,108.1,233.5,249.4,0.0,1.6,0.0
1.78,56.0,206.7,218.4,4.8,0.0,1.1
1.79,21.9,187.2,190.3,6.9,0.0,0.0
1.8,0.0,152.8,160.2,2.6,1.7,3.9
1.81,3.2,125.3,136.7,0.0,4.9,0.0
1.82,2.2,91.8,107.0,0.0,5.4,0.0
1.83,0.0,70.3,79.1,6.8,0.0,0.0
1.84,4.0,39.1,45.9,3.3,4.0,0.0
1.85,0.0,13.4,10.0,2.2,33.0,7.7
1.86,1.5,1.0,0.0,9.3,60.8,27.8
1.87,2.5,0.0,3.4,0.0,81.2,45.7
1.88,0.0,0.0,0.0,0.0,117.0,82.2
1.89,3.6,0.0,0.0,0.8,149.2,112.4
1.9,0.0,0.0,1.1,0.0,177.0,150.2
1.91,1.4,0.0,8.0,0.0,197.9,176.5
1.92,0.0,8.6,0.0,4.0,233.6,209.7
1.93,0.0,6.0,0.0,0.0,258.4,235.1
1.94,0.0,5.4,6.8,0.0,291.2,271.5
1.95,0.0,0.0,0.0,0.0,316.7,291.4
1.96,5.6,0.0,4.3,0.0,342.0,335.7
1.97,0.0,0.0,1.6,0.0,362.6,358.3
1.98,4.9,7.4,0.0,3.9,387.2,387.7
1.99,0.0,3.3,1.8,4.7,408.9,404.7
2.0,1.6,0.0,0.0,0.0,433.8,431.9
2.01,0.0,1.5,9.0,0.0,447.8,451.3
2.02,0.0,0.0,0.0,0.0,465.4,464.5
2.03,0.0,0.0,0.0,0.0,489.6,486.5
2.04,8.4,0.0,0.0,42.2,504.9,507.8
2.05,0.0,3.0,0.0,78.9,518.0,527.3
2.06,4.6,4.0,4.3,131.0,535.6,537.8
2.07,4.7,0.1,0.0,161.7,549.2,553.7
2.08,4.6,0.0,2.0,196.5,556.0,562.1
2.09,0.0,0.0,0.9,237.2,556.7,572.2
2.1,7.2,6.2,3.4,263.3,570.1,576.7
2.11,8.0,0.0,0.0,297.1,572.8,591.4
2.12,1.5,0.4,1.3,330.8,574.0,593.0
2.13,0.0,9.0,0.0,356.2,575.7,593.5
2.14,0.0,0.0,0.0,383.4,580.5,598.2
2.15,1.9,0.1,6.4,388.8,581.9,601.9
2.16,0.3,2.0,0.0,420.2,581.8,602.0
2.17,0.7,4.4,0.0,428.5,575.0,595.3
2.18,0.0,0.0,0.0,436.3,569.0,595.4
2.19,0.1,4.7,1.6,440.7,558.8,590.4
2.2,4.6,0.0,0.0,448.3,551.8,575.0
2.21,3.3,2.2,6.1,456.1,534.8,570.1
2.22,0.0,1.7,2.1,449.2,531.4,551.9
2.23,0.0,0.0,0.0,443.8,517.7,536.2
2.24,0.0,1.3,0.0,425.1,509.1,522.9
2.25,0.0,0.0,0.0,410.9,485.4,507.0
2.26,0.0,0.0,2.1,385.6,473.1,491.0
2.27,2.5,0.0,0.0,363.8,447.9,481.5
2.28,0.0,0.0,0.0,344.8,436.8,451.0
2.29,0.0,4.6,0.0,312.2,414.8,429.8
2.3,3.0,1.7,9.0,284.1,391.5,408.9
2.31,0.0,1.2,0.0,255.1,364.0,378.8
2.32,0.0,0.0,0.0,225.4,338.8,359.3
2.33,3.2,1.3,0.0,183.8,313.1,335.1
2.34,1.8,0.0,0.0,140.4,284.7,311.1
2.35,0.0,2.1,7.8,99.3,263.8,282.2
2.36,0.0,5.5,0.0,67.0,233.4,249.5
2.37,1.5,0.0,0.0,23.4,207.8,217.5
2.38,2.2,0.0,3.4,0.5,178.3,187.4
2.39,0.8,19.5,3.7,0.0,144.2,158.8
2.4,0.5,41.7,10.4,0.0,123.1,125.7
2.41,0.0,72.6,38.5,4.8,89.4,93.9
2.42,0.0,92.3,63.1,4.2,62.3,58.6
2.43,0.0,126.7,94.2,1.5,23.9,32.9
2.44,0.0,160.5,120.3,0.0,0.0,1.2
2.45,0.0,183.6,154.8,0.0,0.0,0.0
2.46,0.0,212.4,182.7,3.1,1.0,6.0
2.47,4.0,238.6,210.4,5.2,0.0,0.8
2.48,0.0,265.5,241.2,0.0,5.5,0.0
2.49,0.0,283.4,264.4,6.1,4.1,3.8
2.5,1.1,312.5,291.9,0.0,0.0,0.0
2.51,4.3,340.9,316.8,2.7,11.8,0.0
2.52,7.2,354.1,343.2,11.2,0.0,0.0
2.53,0.0,370.4,368.4,0.0,5.2,3.5
2.54,7.9,393.7,384.3,2.0,0.0,0.0
2.55,1.8,417.3,413.1,0.0,2.5,2.5
2.56,3.3,427.1,432.8,1.8,3.8,0.0
2.57,0.0,448.0,452.8,0.0,0.0,0.0
2.58,2.5,465.7,469.8,0.0,7.0,0.1
2.59,42.3,482.4,487.6,0.0,0.0,0.0
2.6,73.6,502.7,500.1,1.4,0.0,0.0
2.61,103.0,510.6,517.7,5.4,0.0,3.0
2.62,150.3,514.4,533.4,1.6,0.0,0.0
2.63,183.9,544.0,538.2,5.9,0.0,0.0
2.64,223.8,536.8,548.3,0.0,0.0,0.4
2.65,248.2,537.1,561.2,0.0,3.0,0.0
2.66,277.6,545.2,563.4,1.4,0.5,4.0
2.67,303.6,549.4,568.2,0.0,0.0,0.5
2.68,331.3,550.8,576.7,4.5,4.1,0.4
2.69,367.5,559.5,575.7,0.0,7.1,0.0
2.7,370.7,546.6,583.1,3.5,0.0,2.8
2.71,389.0,559.6,575.6,4.8,6.5,0.0
2.72,408.4,555.9,571.9,1.5,0.0,4.9
2.73,427.7,546.3,571.4,3.7,0.0,0.0
2.74,430.7,546.0,567.8,0.0,1.7,0.3
2.75,438.5,530.7,560.4,0.0,0.0,0.2
2.76,432.1,523.0,552.9,1.4,3.4,1.2
2.77,426.1,518.6,538.7,0.0,0.6,5.6
2.78,424.5,504.2,534.1,1.2,1.4,0.0
2.79,417.2,489.9,510.2,1.2,0.0,0.0
2.8,405.9,478.0,499.5,0.0,0.0,0.0
2.81,390.1,468.6,487.3,1.1,3.0,0.0
2.82,375.3,452.1,467.6,2.5,0.0,9.2
2.83,349.3,431.2,451.1,0.0,1.6,3.7
2.84,324.9,409.5,429.1,0.0,5.9,2.1
2.85,297.8,393.3,411.8,3.3,0.0,3.1
2.86,275.1,367.1,392.9,1.1,2.8,5.1
2.87,244.2,353.7,366.3,1.8,0.0,0.0
2.88,215.8,330.3,341.3,2.3,0.0,0.0
2.89,183.6,310.8,318.5,0.6,0.0,1.4
2.9,137.3,275.8,299.3,0.0,0.0,0.0
2.91,105.8,250.4,273.1,0.0,0.0,0.0
2.92,67.6,230.8,239.9,0.0,0.0,0.0
2.93,24.5,201.4,216.3,1.9,0.0,1.5
2.94,0.0,179.9,186.1,2.1,0.0,3.6
2.95,6.3,154.1,162.7,0.6,7.1,0.0
2.96,0.0,128.2,129.3,1.4,0.2,0.0
2.97,0.0,93.8,98.3,0.0,16.1,0.0
2.98,0.0,69.1,75.8,0.0,49.8,11.2
2.99,3.6,35.3,35.9,2.7,82.6,50.8
3.0,0.0,10.0,10.9,0.0,114.3,80.7
3.01,0.5,0.0,5.5,0.6,141.3,109.2
3.02,0.0,0.0,2.7,0.2,179.6,142.5
3.03,2.3,7.3,0.0,0.0,208.5,177.6
3.04,0.9,0.0,0.0,2.7,229.8,209.8
3.05,3.5,0.0,0.0,0.9,254.3,237.1
3.06,0.0,0.2,5.9,0.0,283.9,272.4
3.07,0.0,2.6,0.0,2.1,302.8,297.5
3.08,3.9,0.0,2.9,0.0,337.0,322.5
3.09,0.0,0.0,0.0,0.0,357.5,343.8
3.1,0.2,0.0,10.2,3.0,374.7,376.2
3.11,0.0,0.0,0.0,0.0,398.7,392.6
3.12,0.0,4.6,0.2,0.0,423.7,421.4
3.13,4.7,0.0,4.8,1.2,433.8,430.0
3.14,0.0,0.0,0.0,0.0,454.6,457.8
3.15,0.0,3.8,2.3,28.5,472.7,472.7
3.16,1.0,0.0,0.0,67.7,493.3,494.2
3.17,3.8,0.0,1.6,108.6,509.6,504.6
3.18,0.0,0.0,4.3,146.4,516.1,524.6
3.19,3.9,4.3,0.0,187.8,512.2,538.5
3.2,0.0,0.0,6.0,222.1,529.1,544.5
3.21,0.5,2.4,1.4,252.6,554.6,554.5
3.22,0.3,0.0,7.8,288.5,546.6,563.5
3.23,2.6,1.3,0.0,316.0,539.3,567.6
3.24,2.2,3.6,0.0,345.6,561.3,576.5
3.25,0.0,5.6,0.0,368.9,546.8,569.8
3.26,0.9,0.0,0.0,392.3,553.1,574.4
3.27,2.2,0.0,3.7,405.5,543.3,571.1
3.28,5.8,6.4,0.0,410.9,552.0,559.8
3.29,0.0,3.7,0.0,415.1,531.2,560.7
3.3,2.2,0.0,0.0,422.5,526.5,552.5
3.31,0.0,0.0,0.0,427.3,523.5,541.5
3.32,0.8,1.2,3.7,419.8,505.9,539.5
3.33,0.0,0.0,1.8,416.8,497.4,524.8
3.34,0.0,2.2,0.0,408.6,484.5,502.3
3.35,1.3,2.0,0.0,391.7,466.2,491.8
3.36,0.0,0.0,0.0,377.0,444.0,474.7
3.37,5.8,0.0,7.1,351.9,426.8,453.3
3.38,0.0,0.0,0.0,326.6,408.6,427.8
3.39,2.2,0.0,3.4,308.7,391.5,406.5
3.4,0.0,1.1,0.0,271.3,370.1,389.2
3.41,0.0,0.7,6.7,238.9,344.4,364.7
3.42,1.9,0.0,0.0,206.7,322.0,336.0
3.43,2.9,5.4,3.2,169.9,287.4,315.7
3.44,0.0,0.0,0.0,126.4,268.7,288.8
3.45,0.0,5.9,8.9,92.4,240.2,260.2
3.46,2.3,5.8,2.8,46.0,214.6,230.9
3.47,3.8,0.0,0.0,11.0,187.2,194.8
3.48,5.5,0.0,0.0,0.0,150.9,158.9
3.49,0.0,0.0,2.7,0.0,125.2,131.7
3.5,0.0,1.3,2.6,0.9,101.1,100.9
3.51,0.0,2.9,2.3,1.4,66.8,66.9
3.52,0.0,0.6,0.6,0.0,34.8,35.8
3.53,0.0,0.0,0.0,0.0,0.0,0.4
3.54,5.2,16.4,4.3,1.8,2.2,2.9
3.55,4.8,39.2,0.3,0.0,0.0,6.5
3.56,8.8,75.1,36.9,0.0,0.0,9.5
3.57,11.7,102.8,67.1,6.6,0.0,1.0
3.58,5.6,133.3,99.5,0.0,1.6,0.0
3.59,0.0,166.5,132.8,0.0,0.0,0.0
3.6,0.0,199.8,163.7,0.0,0.0,5.4
3.61,0.0,224.1,200.4,0.0,0.0,5.4
3.62,1.9,249.6,223.3,3.5,0.0,0.0
3.63,0.0,285.4,261.2,0.0,0.9,4.8
3.64,1.8,308.7,286.5,2.5,0.0,0.6
3.65,3.7,333.8,317.9,0.0,0.0,0.0
3.66,4.5,362.7,345.0,0.0,0.7,0.0
3.67,0.7,384.3,370.5,0.0,4.0,6.8
3.68,0.0,416.3,403.2,1.9,3.0,2.9
3.69,0.0,428.8,421.5,0.0,0.0,0.0
3.7,0.0,454.5,449.3,0.0,3.1,3.7
3.71,0.0,471.6,471.6,2.9,5.5,2.9
3.72,0.4,490.2,488.5,2.0,2.8,0.0
3.73,7.5,504.3,504.0,1.4,0.0,0.0
3.74,0.8,520.2,523.5,1.2,1.1,0.0
3.75,0.0,538.1,548.7,0.0,5.5,0.0
3.76,3.8,545.7,560.5,5.0,0.0,0.0
3.77,0.0,558.4,572.5,0.0,11.6,0.0
3.78,4.2,570.7,581.4,1.1,0.0,5.0
3.79,3.9,584.1,600.7,1.5,0.6,3.3
3.8,0.2,586.3,598.7,0.0,2.9,0.8
3.81,8.4,591.4,609.4,7.6,0.7,0.0
3.82,4.5,590.6,615.8,0.0,0.6,1.2
3.83,0.2,603.6,611.8,0.1,0.0,0.0
3.84,0.0,601.6,615.4,0.0,0.0,3.5
3.85,0.0,600.8,616.3,4.6,2.3,3.6
3.86,0.0,587.2,619.5,4.8,0.0,0.2
3.87,0.0,589.9,610.5,0.6,3.6,3.3
3.88,0.0,578.6,601.0,0.0,0.0,4.1
3.89,0.0,577.7,593.3,0.0,2.2,0.4
3.9,0.0,566.6,587.3,0.0,3.4,0.0
3.91,0.0,556.6,573.8,0.0,14.9,0.0
3.92,0.0,539.3,570.5,0.0,5.6,0.0
3.93,1.7,524.2,556.7,0.0,0.0,0.0
3.94,0.3,510.5,538.0,5.9,8.6,0.0
3.95,0.0,497.6,519.8,3.0,0.0,0.0
3.96,3.5,477.4,505.3,0.1,0.0,0.0
3.97,0.0,460.0,485.2,0.0,0.7,3.9
3.98,0.0,434.3,457.1,1.4,0.0,0.9
3.99,0.0,416.5,435.0,0.8,1.1,4.6
4.0,4.1,399.2,417.3,0.0,0.0,3.2
4.01,2.4,370.9,390.5,1.6,5.1,2.0
4.02,5.3,346.2,365.6,2.0,0.0,3.2
4.03,6.3,320.2,332.4,2.7,0.0,0.6
4.04,0.0,289.7,304.8,0.0,7.1,5.2
4.05,0.0,270.7,280.6,1.7,3.9,0.0
4.06,0.0,237.2,246.2,7.9,17.6,0.0
4.07,0.0,207.5,212.3,8.5,47.5,9.4
4.08,0.0,179.9,184.5,18.6,80.4,47.6
4.09,0.0,150.9,154.6,9.2,94.5,65.8
4.1,0.0,111.7,130.1,1.0,122.5,102.2
4.11,0.0,86.1,87.4,0.6,151.1,120.0
4.12,3.6,63.8,57.8,0.0,180.5,154.0
4.13,0.0,30.4,33.3,2.2,209.3,180.6
4.14,0.5,0.0,0.0,3.3,227.7,204.6
4.15,7.5,2.9,2.6,0.5,251.7,232.9
4.16,0.0,0.0,0.0,1.2,274.4,263.8
4.17,4.3,1.4,1.6,7.7,299.4,286.1
4.18,1.5,0.0,9.3,0.0,323.4,308.5
4.19,5.1,0.0,3.2,0.0,339.4,340.1
4.2,3.9,0.0,0.6,0.0,367.1,359.8
4.21,0.0,6.7,0.0,0.0,385.6,383.7
4.22,0.0,0.0,0.0,0.0,408.6,408.3
4.23,0.0,4.6,0.0,5.2,434.6,430.7
4.24,0.0,0.0,0.0,0.0,439.0,434.9
4.25,0.1,0.0,0.0,0.0,465.9,462.1
4.26,1.2,1.6,0.0,1.7,484.0,473.2
4.27,3.2,0.0,0.0,0.0,495.5,507.0
4.28,6.3,2.7,4.5,0.0,506.2,511.7
4.29,0.0,0.0,0.0,0.0,522.1,528.7
4.3,4.6,0.0,0.8,0.0,530.2,534.8
4.31,1.1,0.0,0.0,0.0,541.6,547.1
4.32,0.0,7.9,0.0,2.4,546.0,562.7
4.33,0.0,0.0,0.0,0.0,548.4,568.9
4.34,0.5,0.0,8.9,0.5,563.0,580.7
4.35,0.0,3.5,0.8,0.2,573.3,576.4
4.36,0.0,0.0,0.7,3.9,564.7,583.2
4.37,0.0,4.5,2.1,1.4,568.0,589.1
4.38,0.0,0.0,10.1,0.0,568.9,591.2
4.39,0.0,0.0,0.0,4.6,561.8,590.3
4.4,4.9,0.0,0.0,0.0,562.2,582.0
4.41,0.0,0.0,8.0,0.0,563.3,580.7
4.42,0.4,0.3,0.0,0.0,557.0,581.7
4.43,2.1,0.0,5.2,0.0,551.4,568.6
4.44,0.0,0.0,0.0,0.0,544.2,564.2
4.45,0.0,1.2,1.7,1.6,535.0,559.6
4.46,0.0,0.2,0.0,0.0,522.6,546.6
4.47,0.0,4.8,10.4,6.8,516.4,539.6
4.48,2.7,4.7,0.0,0.0,503.7,526.0
4.49,2.3,0.2,0.0,0.0,485.5,509.6
4.5,0.0,2.0,2.2,0.0,476.1,494.8
4.51,0.0,0.0,0.0,3.7,456.4,486.9
4.52,0.7,2.8,1.7,2.6,444.8,466.1
4.53,0.0,1.6,0.0,0.0,424.2,447.2
4.54,0.0,3.8,0.6,0.0,407.3,427.0
4.55,0.9,0.0,0.0,0.0,386.7,402.7
4.56,0.0,0.0,0.0,1.0,365.2,382.6
4.57,1.2,0.0,0.0,0.0,345.3,352.9
4.58,10.1,5.7,3.5,0.0,325.2,336.7
4.59,2.7,1.1,0.0,0.0,299.3,312.7
4.6,5.4,0.0,0.0,0.0,275.6,292.5
4.61,2.0,10.2,1.7,0.0,249.5,262.4
4.62,0.3,35.1,6.2,0.0,218.8,241.8
4.63,2.1,70.6,29.1,0.0,200.8,210.8
4.64,1.9,97.4,64.6,0.0,169.7,185.2
4.65,3.5,129.0,90.9,0.4,146.2,156.7
4.66,0.2,156.6,124.2,0.2,118.4,131.5
4.67,0.0,184.1,159.4,4.7,92.1,105.2
4.68,0.0,212.3,175.4,0.0,65.2,67.7
4.69,1.8,237.7,210.2,1.2,42.5,49.9
4.7,0.0,257.8,241.3,0.0,14.5,10.5
4.71,2.7,281.2,271.4,7.9,0.4,0.0
4.72,5.4,306.9,301.5,0.0,4.8,0.0
4.73,0.0,336.6,315.7,0.0,12.2,6.0
4.74,4.8,347.3,353.0,1.1,2.0,0.0
4.75,1.0,377.5,373.2,0.8,3.6,2.9
4.76,0.1,396.8,392.7,0.0,1.1,0.0
4.77,0.3,421.9,409.1,2.4,2.6,3.3
4.78,0.0,434.3,432.8,6.0,0.0,0.0
4.79,2.5,449.8,457.8,3.7,0.0,0.0
4.8,39.1,471.7,471.1,0.0,0.0,0.0
4.81,81.8,479.9,486.1,7.1,0.0,0.0
4.82,131.5,491.6,497.2,1.9,5.5,0.0
4.83,154.0,501.5,516.7,0.0,1.0,0.0
4.84,191.0,513.9,524.2,0.2,0.0,0.0
4.85,226.4,519.2,533.3,0.0,2.3,3.2
4.86,258.5,525.5,541.6,0.0,1.4,0.0
4.87,292.1,537.2,545.5,1.3,0.0,0.0
4.88,315.5,534.7,549.1,0.0,1.9,0.2
4.89,341.2,534.1,548.9,6.4,3.3,2.0
4.9,359.6,531.8,553.4,2.4,8.4,2.6
4.91,378.9,534.8,547.8,0.0,0.0,1.4
4.92,394.9,528.4,554.4,2.4,6.8,4.8
4.93,405.4,524.1,545.4,1.8,0.0,0.2
4.94,421.0,515.7,540.4,5.9,9.3,0.0
4.95,416.5,511.7,534.1,6.9,0.0,3.5
4.96,415.5,496.1,521.6,7.6,2.6,0.0
4.97,402.3,491.8,509.0,0.0,1.1,0.0
4.98,405.6,475.4,501.9,2.2,6.0,0.0
4.99,385.4,466.4,494.4,0.0,5.4,7.3
5.0,380.7,450.0,474.7,3.9,0.0,8.3
5.01,360.9,431.7,458.9,0.0,0.0,0.0
5.02,342.0,416.5,429.9,0.0,8.5,3.1
5.03,311.8,400.0,414.3,0.0,0.4,2.8
5.04,287.2,378.4,392.9,0.0,3.3,0.8
5.05,259.9,346.4,376.8,0.7,0.0,4.9
5.06,221.3,326.6,351.0,5.1,0.0,0.0
5.07,193.3,303.4,321.9,0.0,0.0,0.0
5.08,157.2,283.3,287.5,0.0,3.7,0.0
5.09,117.1,253.2,265.3,0.0,3.0,0.0
5.1,85.6,226.8,244.8,0.0,4.9,0.0
5.11,42.3,199.2,212.6,2.2,0.0,0.0
5.12,0.0,175.8,184.4,6.1,2.2,0.0
5.13,4.0,149.2,157.7,5.7,0.1,1.5
5.14,0.0,113.3,129.6,4.4,0.0,0.0
5.15,3.2,87.3,91.5,0.0,1.9,0.0
5.16,1.2,52.7,66.2,0.0,24.3,0.0
5.17,0.0,21.4,39.3,1.7,57.2,15.2
5.18,2.4,3.5,7.4,0.0,82.3,45.8
5.19,0.0,1.3,0.0,0.0,117.0,77.6
5.2,0.0,0.7,1.2,1.5,146.7,118.5
5.21,0.0,6.3,3.0,0.0,172.0,144.1
5.22,3.2,0.0,0.1,4.4,201.3,174.8
5.23,0.0,0.0,0.0,0.0,233.9,214.5
5.24,4.5,0.0,0.0,2.2,261.6,235.8
5.25,0.0,0.0,0.0,0.8,290.6,277.6
5.26,1.2,0.0,0.0,5.0,315.3,297.8
5.27,3.1,2.3,0.0,0.0,343.5,330.5
5.28,3.0,1.2,0.4,5.0,362.9,353.3
5.29,0.7,4.1,3.5,5.0,396.7,383.3
5.3,0.0,1.5,0.0,1.1,405.5,405.8
5.31,0.0,0.0,0.0,2.1,433.3,427.3
5.32,0.0,0.0,0.0,2.4,452.3,446.7
5.33,0.0,1.7,1.1,0.0,470.6,471.3
5.34,0.0,0.0,0.8,45.7,484.3,494.1
5.35,0.0,0.0,0.0,91.2,496.5,512.1
5.36,7.2,1.6,0.0,121.8,516.9,521.9
5.37,0.0,0.9,3.5,170.9,526.8,535.6
5.38,4.5,6.3,1.4,207.8,539.2,549.7
5.39,0.0,2.8,0.0,246.5,539.3,560.4
5.4,0.0,1.2,0.0,273.0,559.3,568.6
5.41,0.0,0.0,0.9,306.7,556.9,573.1
5.42,0.0,0.0,0.0,332.6,548.0,577.8
5.43,3.7,0.0,1.5,357.9,562.1,580.5
5.44,2.4,3.8,0.6,388.7,558.9,572.5
5.45,0.0,1.9,8.3,401.2,553.8,579.0
5.46,10.8,3.7,0.0,415.3,559.1,580.4
5.47,0.0,0.4,8.0,432.6,551.9,577.5
5.48,0.2,0.0,0.3,433.1,541.9,569.4
5.49,0.0,4.6,0.0,440.5,531.4,555.9
5.5,0.0,4.3,0.0,430.4,521.9,539.8
5.51,0.0,0.7,0.0,427.0,500.8,529.6
5.52,3.4,2.2,1.7,414.5,493.4,514.2
5.53,2.3,2.0,0.5,406.0,481.6,495.3
5.54,5.2,0.0,0.0,384.9,463.3,479.2
5.55,0.0,0.0,4.1,366.8,435.9,460.5
5.56,2.4,0.0,5.9,339.3,420.5,436.7
5.57,1.2,0.0,0.0,302.3,393.5,423.4
5.58,1.7,4.1,4.0,277.6,375.6,398.1
5.59,0.0,3.4,6.7,238.4,347.7,370.1
5.6,0.0,2.2,0.0,209.5,321.9,345.3
5.61,2.2,3.8,0.0,171.9,300.5,317.2
5.62,3.5,0.0,0.0,132.2,268.8,284.3
5.63,0.0,0.0,3.9,87.8,240.3,264.7
5.64,2.4,0.0,0.0,39.6,215.9,223.9
5.65,4.8,0.0,0.0,4.4,178.9,188.9
5.66,0.0,2.7,1.7,1.6,153.2,164.3
5.67,0.0,2.0,6.2,0.0,117.6,133.3
5.68,0.0,4.0,0.0,0.3,87.2,96.9
5.69,0.0,0.0,0.0,0.0,65.8,69.8
5.7,0.0,21.9,0.0,0.3,27.8,32.0
5.71,0.0,54.5,21.2,0.0,0.0,0.0
5.72,0.0,86.4,44.8,0.0,3.4,0.0
5.73,0.0,122.3,81.4,2.1,6.5,0.6
5.74,2.7,139.1,108.9,0.0,1.0,0.3
5.75,0.0,168.8,138.7,0.9,4.1,4.9
5.76,5.1,198.1,166.2,2.0,0.0,3.3
5.77,3.8,224.5,201.9,1.3,0.2,0.0
5.78,3.5,250.9,237.6,0.0,0.0,0.0
5.79,0.0,281.0,254.0,0.0,1.3,0.0
5.8,0.0,310.2,292.0,8.5,3.9,5.8
5.81,2.9,331.5,314.3,5.6,0.0,0.0
5.82,0.0,351.3,338.8,3.3,0.0,0.8
5.83,0.0,376.7,369.6,1.1,0.0,0.0
5.84,0.0,395.1,397.6,0.0,0.0,0.0
5.85,0.0,423.8,421.3,0.0,0.9,0.0
5.86,0.0,445.2,438.2,0.0,0.9,0.0
5.87,11.5,451.2,457.3,0.0,0.2,2.3
5.88,0.0,475.4,478.3,0.0,0.0,2.1
5.89,36.5,487.1,504.4,3.8,5.4,0.0
5.9,82.5,504.7,509.7,0.0,0.9,1.3
5.91,116.4,517.0,530.3,3.4,0.0,3.8
5.92,155.8,523.4,536.7,3.5,0.3,2.1
5.93,195.6,543.6,547.6,9.3,3.0,0.0
5.94,233.3,546.7,568.2,0.0,0.9,0.2
5.95,261.3,552.4,569.7,0.0,0.0,0.6
5.96,297.2,560.2,577.5,0.5,7.1,5.6
5.97,315.4,560.1,584.1,2.2,1.8,6.8
5.98,345.7,565.2,581.9,0.0,0.0,2.6
5.99,373.2,559.3,585.6,0.0,0.0,0.2
6.0,399.2,556.4,584.9,2.2,2.8,0.0
6.01,404.2,559.5,587.3,0.0,5.2,0.3
6.02,417.0,557.3,584.2,0.0,1.8,0.8
6.03,432.8,546.9,575.4,0.0,2.5,0.0
6.04,438.1,544.9,579.4,9.9,2.6,7.9
6.05,437.7,536.2,562.9,3.3,0.0,0.0
6.06,434.8,528.1,553.6,2.2,0.0,5.2
6.07,433.1,519.2,547.1,0.0,0.0,0.0
6.08,429.1,510.7,525.2,2.8,3.2,0.0
6.09,414.0,491.2,512.0,0.0,2.3,0.0
6.1,405.0,469.8,499.2,0.8,0.0,0.9
6.11,381.3,459.4,474.7,1.0,0.0,0.0
6.12,362.7,444.1,460.7,0.0,0.7,5.5
6.13,336.8,414.5,449.7,0.0,0.0,0.0
6.14,306.8,394.0,427.3,0.0,0.0,0.0
6.15,281.8,370.8,400.8,0.0,0.5,0.0
6.16,241.5,351.4,378.1,0.0,0.0,0.0
6.17,209.9,331.4,350.4,0.0,3.2,2.9
6.18,174.5,311.1,320.8,4.3,0.0,3.6
6.19,140.2,283.2,302.2,6.2,2.0,0.0
6.2,102.6,254.8,264.1,0.0,0.3,0.0
6.21,57.4,226.4,243.2,4.4,6.2,0.0
6.22,16.9,200.1,208.1,0.0,2.2,0.0
6.23,0.3,172.1,178.5,0.0,4.0,3.8
6.24,0.0,146.8,152.1,0.0,31.8,0.7
6.25,4.0,112.5,127.3,0.0,66.4,27.0
6.26,0.0,84.2,93.8,2.1,85.5,57.3
6.27,0.0,51.9,58.0,0.0,113.7,81.2
6.28,0.0,24.2,25.4,0.0,140.5,107.5
6.29,1.3,0.0,3.1,0.0,158.9,139.0
6.3,1.1,0.0,5.5,0.0,193.4,173.0
6.31,0.0,3.5,0.0,1.3,222.7,199.9
6.32,0.0,6.0,0.0,2.5,245.7,225.0
6.33,0.0,0.0,0.0,1.5,274.1,255.1
6.34,0.0,1.3,0.0,3.8,294.8,277.7
6.35,5.9,3.4,0.0,0.0,316.4,300.8
6.36,8.5,0.0,0.0,7.2,339.8,320.0
6.37,0.0,0.8,0.0,0.0,358.7,354.5
6.38,1.7,0.0,0.0,0.0,376.0,371.2
6.39,1.6,0.0,2.3,0.0,395.5,390.8
6.4,0.0,2.1,0.0,0.7,404.2,412.1
6.41,0.0,2.1,0.0,0.0,436.7,437.1
6.42,0.0,3.7,1.6,14.8,444.9,452.5
6.43,1.8,0.0,1.1,49.8,455.6,463.2
6.44,7.8,0.0,6.8,87.6,471.2,481.2
6.45,4.3,4.4,3.7,116.6,491.1,497.6
6.46,0.2,0.0,0.0,163.8,494.5,505.9
6.47,0.0,0.0,0.0,190.2,504.0,515.4
6.48,0.0,0.0,3.0,224.4,518.6,515.4
6.49,4.2,0.0,0.0,252.4,519.5,536.1
6.5,0.9,0.0,0.0,286.9,519.4,532.7
6.51,0.2,2.5,0.0,308.1,516.7,533.5
6.52,0.0,0.0,0.0,323.5,527.5,536.4
6.53,2.4,5.4,5.0,354.6,522.2,541.1
6.54,0.0,5.1,0.7,367.8,526.1,545.9
6.55,1.6,3.6,0.0,384.8,520.3,546.4
6.56,4.0,0.0,0.0,399.1,517.7,539.3
6.57,0.0,5.7,6.9,399.4,513.7,539.5
6.58,0.0,0.0,0.0,407.3,495.9,524.0
6.59,0.0,6.7,1.9,405.2,494.6,516.1
6.6,0.0,0.0,3.5,409.6,483.9,499.6
6.61,0.0,0.0,5.8,399.8,473.6,493.2
6.62,0.0,0.4,0.0,390.0,461.6,474.4
6.63,0.0,0.0,0.0,372.4,446.1,462.8
6.64,3.3,0.0,0.0,364.4,427.5,454.9
6.65,1.5,0.0,2.9,346.0,408.9,428.5
6.66,1.2,11.8,8.0,317.6,389.3,410.5
6.67,0.0,0.0,3.1,296.8,377.3,390.2
6.68,7.8,0.0,0.0,271.5,359.0,379.6
6.69,0.0,2.3,4.8,248.7,334.5,361.1
6.7,7.0,0.0,0.0,210.1,317.3,331.3
6.71,3.0,0.0,0.0,175.5,290.8,311.5
6.72,0.0,0.0,0.0,140.4,267.3,278.3
6.73,8.2,1.2,0.0,104.9,237.5,262.2
6.74,2.3,0.0,0.0,71.8,216.4,228.0
6.75,0.0,2.6,4.9,28.0,196.2,206.4
6.76,0.0,0.0,0.0,3.7,171.9,176.0
6.77,4.1,0.3,0.0,0.0,138.9,140.2
6.78,0.0,0.0,2.3,2.7,116.1,115.7
6.79,0.0,0.0,0.0,3.8,90.9,90.9
6.8,0.4,12.4,0.0,3.2,53.8,53.6
6.81,4.3,41.8,10.8,1.1,31.1,32.8
6.82,7.3,69.4,35.7,1.6,2.7,0.0
6.83,17.6,108.5,67.3,0.0,4.3,2.2
6.84,12.5,129.3,99.7,0.0,0.0,0.0
6.85,5.5,150.0,128.5,1.0,1.3,1.8
6.86,0.0,187.8,157.7,0.3,0.0,3.3
6.87,0.0,210.8,179.4,3.7,1.7,0.0
6.88,0.0,240.7,217.0,0.0,4.9,0.0
6.89,7.2,266.0,252.5,0.6,5.9,5.9
6.9,1.2,298.6,276.4,1.1,4.9,0.0
6.91,3.0,316.0,299.5,2.3,0.0,0.0
6.92,0.8,344.9,329.2,3.8,0.0,2.6
6.93,0.0,367.8,355.4,0.0,4.0,1.7
6.94,0.4,382.0,374.2,2.8,2.4,0.0
6.95,0.0,409.8,406.3,0.0,0.0,0.0
6.96,4.8,426.6,424.7,2.6,0.0,3.9
6.97,0.0,444.3,444.5,5.9,0.0,0.0
6.98,0.0,462.8,472.8,0.0,0.0,9.1
6.99,3.3,488.3,477.6,4.9,0.0,0.0
7.0,0.0,511.9,499.4,0.0,0.0,0.0
7.01,0.0,513.1,523.7,0.0,1.6,1.4
7.02,0.0,531.0,539.6,0.0,2.4,2.2
7.03,0.0,544.0,557.9,0.0,9.0,0.0
7.04,2.4,551.9,555.4,2.0,0.0,6.8
7.05,0.0,569.7,579.5,0.0,0.0,1.3
7.06,2.2,581.5,581.3,4.8,0.0,0.0
7.07,0.0,577.6,596.8,2.8,6.7,1.5
7.08,4.4,592.8,602.2,0.9,0.1,4.8
7.09,0.0,588.2,611.7,0.0,4.0,6.4
7.1,0.0,589.6,611.7,0.0,0.0,0.8
7.11,0.0,594.7,619.5,0.0,0.0,0.0
7.12,0.0,599.0,613.5,0.0,0.0,0.0
7.13,0.0,594.0,616.2,3.8,0.0,0.0
7.14,3.8,594.9,615.6,0.0,0.0,0.0
7.15,0.0,588.9,618.3,0.0,3.5,0.2
7.16,0.0,588.1,610.2,3.3,2.2,0.9
7.17,0.0,578.2,601.4,0.0,7.9,4.5
7.18,0.1,574.1,595.4,0.0,0.0,0.0
7.19,8.0,555.2,588.0,0.0,1.0,0.0
7.2,0.0,547.1,574.5,4.2,0.0,1.8
7.21,0.0,535.9,556.9,0.0,0.0,0.0
7.22,4.7,519.2,550.1,4.4,1.6,1.8
7.23,0.0,504.0,532.7,5.9,0.0,10.9
7.24,2.1,493.9,515.3,5.3,6.7,3.1
7.25,4.7,478.1,496.2,0.0,0.0,1.2
7.26,0.0,457.9,483.1,0.0,0.0,0.0
7.27,0.0,442.6,463.0,0.0,0.0,0.9
7.28,3.7,413.8,436.2,7.9,1.4,6.1
7.29,2.0,395.5,413.6,0.0,0.0,0.0
7.3,0.0,370.3,402.6,4.2,0.0,4.8
7.31,2.4,352.6,374.4,1.9,0.0,1.9
7.32,3.8,330.2,346.4,0.0,0.0,6.5
7.33,0.0,309.0,322.7,0.0,0.0,4.4
7.34,1.2,273.7,291.9,4.7,2.9,0.8
7.35,2.1,253.9,265.7,4.5,24.9,0.5
7.36,0.0,231.6,238.6,6.3,52.3,17.4
7.37,4.8,194.8,213.8,6.7,82.4,51.7
7.38,0.0,166.3,175.2,10.6,104.7,74.4
7.39,0.0,137.4,147.3,4.5,126.4,106.0
7.4,3.1,117.5,116.6,4.6,156.5,133.3
7.41,0.0,83.5,94.8,10.2,186.0,156.9
7.42,3.5,59.6,60.5,2.1,212.7,190.9
7.43,0.8,27.9,26.7,7.2,240.4,211.2
7.44,5.3,7.2,0.0,0.0,262.2,242.3
7.45,2.5,3.2,0.0,2.7,290.9,272.9
7.46,0.0,0.0,0.0,5.0,311.6,296.4
7.47,0.9,0.0,5.0,5.5,327.1,321.0
7.48,1.1,3.2,0.0,5.1,344.4,340.8
7.49,8.1,0.0,5.1,0.1,371.4,371.5
7.5,0.3,4.7,0.0,3.6,396.0,385.8
7.51,0.0,0.0,2.0,0.0,416.0,413.3
7.52,0.0,3.2,0.0,6.4,432.1,435.8
7.53,0.8,0.0,9.8,0.0,450.0,443.4
7.54,0.0,0.0,0.0,5.0,470.7,465.8
7.55,0.0,0.0,7.2,4.2,480.3,482.1
7.56,0.0,6.9,0.0,4.1,495.2,500.6
7.57,0.0,0.0,0.0,8.3,512.6,509.9
7.58,3.2,12.3,2.4,4.2,510.1,521.9
7.59,0.1,0.6,0.0,0.0,534.1,537.9
7.6,0.0,0.0,3.1,2.4,525.7,546.0
7.61,0.0,0.0,3.4,0.0,540.0,556.5
7.62,0.0,4.9,0.0,0.0,547.0,568.1
7.63,0.2,0.0,1.0,0.0,547.4,564.0
7.64,0.0,3.3,7.7,2.6,556.6,574.5
7.65,0.0,9.3,2.6,0.0,559.1,575.7
7.66,0.0,2.7,0.0,0.0,562.9,579.7
7.67,0.0,1.3,3.0,2.0,562.0,577.4
7.68,0.0,4.9,0.0,4.7,557.8,573.7
7.69,0.0,3.2,0.0,0.0,558.1,577.2
7.7,3.1,0.0,2.1,9.3,551.4,582.5
7.71,7.4,5.3,0.0,0.0,541.4,565.3
7.72,3.3,0.0,0.2,2.7,535.8,555.7
7.73,0.0,6.2,2.7,1.4,524.0,547.2
7.74,0.8,2.0,7.6,0.0,511.6,543.9
7.75,0.0,4.8,2.6,5.2,507.0,525.4
7.76,0.0,0.0,0.0,0.0,486.8,521.5
7.77,5.3,0.0,0.0,0.0,478.3,495.8
7.78,8.0,2.3,6.9,0.0,455.0,487.9
7.79,0.0,3.9,0.0,0.0,448.5,473.4
7.8,5.8,0.0,0.0,4.3,428.2,456.1
7.81,0.0,0.0,0.0,0.0,415.3,437.1
7.82,0.0,0.0,3.2,2.1,393.0,415.5
7.83,1.1,0.0,0.5,1.6,373.3,398.2
7.84,6.2,0.0,2.6,1.3,353.0,367.7
7.85,1.1,2.1,0.0,4.2,328.5,346.2
7.86,1.6,1.3,0.0,0.0,306.1,323.5
7.87,3.4,0.1,0.0,0.2,282.7,306.5
7.88,4.0,5.3,0.0,1.8,260.3,277.1
7.89,2.0,1.0,0.5,0.0,233.9,251.9
7.9,4.1,0.8,0.0,0.0,212.6,221.9
7.91,0.0,1.3,3.9,0.0,177.9,198.6
7.92,0.0,0.0,0.0,0.0,152.8,161.5
7.93,7.3,27.1,0.0,0.0,139.7,137.9
7.94,0.0,49.8,19.0,0.0,103.4,110.2
7.95,0.0,85.4,54.3,0.7,73.9,80.4
7.96,0.0,118.5,89.2,0.0,50.4,52.1
7.97,0.0,139.1,108.6,3.4,26.1,26.5
7.98,0.0,167.0,152.1,3.5,2.6,1.0
7.99,1.9,196.7,178.0,0.0,0.0,4.8
8.0,1.9,236.1,205.0,0.0,0.0,0.0
8.01,2.5,253.6,239.9,0.0,0.0,6.0
8.02,2.2,277.6,271.4,0.0,1.2,0.0
8.03,0.0,309.3,287.1,0.0,0.2,5.3
8.04,0.0,321.5,319.1,0.6,0.0,0.0
8.05,4.5,352.0,344.5,3.4,0.0,1.5
8.06,0.0,383.7,373.9,0.0,0.0,0.0
8.07,0.0,395.3,400.7,0.0,5.9,0.0
8.08,3.7,417.9,417.3,0.0,0.0,2.3
8.09,0.0,438.6,436.6,0.0,13.2,0.0
8.1,6.8,455.7,458.8,0.0,0.0,0.0
8.11,47.6,468.0,473.9,3.8,0.0,3.1
8.12,94.4,486.4,482.4,1.7,1.4,0.0
8.13,131.7,502.6,507.7,5.8,4.2,0.0
8.14,168.6,503.5,522.4,0.0,1.9,6.1
8.15,199.6,515.2,533.9,0.0,0.8,7.5
8.16,239.9,524.4,534.4,0.0,0.0,0.0
8.17,270.6,533.6,549.0,1.6,0.0,5.1
8.18,297.6,535.3,558.4,3.4,0.0,6.1
8.19,325.8,537.3,566.3,1.1,3.4,0.0
8.2,354.8,532.5,560.2,0.6,0.0,0.0
8.21,377.5,533.3,562.4,3.4,4.6,0.4
8.22,385.2,536.1,552.8,0.0,0.0,0.0
8.23,398.9,529.0,548.8,4.2,0.0,2.3
8.24,414.8,523.7,551.9,7.9,5.0,0.0
8.25,415.8,517.2,532.6,0.0,5.3,0.2
8.26,421.1,517.5,532.3,0.0,3.4,0.2
8.27,414.7,495.3,526.7,0.0,0.0,0.0
8.28,412.2,490.3,511.3,0.0,0.0,0.0
8.29,394.0,475.9,497.0,1.6,2.8,0.0
8.3,387.5,458.4,478.2,0.0,0.0,0.0
8.31,359.0,434.7,459.3,0.0,0.3,0.0
8.32,349.7,420.3,450.5,4.2,0.8,0.0
8.33,321.2,398.4,426.4,0.9,1.0,0.0
8.34,295.4,387.0,403.0,3.1,0.0,0.0
8.35,264.0,358.3,376.5,0.0,4.1,1.9
8.36,223.2,332.4,349.6,0.3,0.0,0.7
8.37,200.2,316.0,330.6,7.5,2.4,4.3
8.38,159.0,282.0,298.3,0.0,0.0,0.0
8.39,122.1,259.3,272.1,0.0,7.7,0.0
8.4,76.1,232.7,245.7,2.3,5.8,3.7
8.41,39.8,203.4,214.6,0.0,8.5,0.0
8.42,0.0,173.0,189.8,2.9,23.4,0.7
8.43,0.6,147.7,147.6,0.0,44.8,19.4
8.44,0.0,112.3,121.8,0.0,71.5,40.1
8.45,20.0,89.3,98.4,1.3,97.2,69.2
8.46,2.4,53.5,61.5,0.0,130.6,97.0
8.47,5.3,29.6,25.0,0.0,157.1,129.4
8.48,0.0,4.2,3.2,3.5,183.8,163.7
8.49,1.6,2.2,0.0,2.5,207.1,190.6
8.5,3.6,0.0,5.9,0.0,237.8,222.1
8.51,0.0,4.4,3.3,2.1,259.9,245.2
8.52,0.0,2.3,0.0,0.0,284.0,261.5
8.53,3.9,0.0,1.0,1.7,310.1,298.9
8.54,0.0,0.0,1.7,0.0,331.8,321.7
8.55,0.0,0.7,1.9,0.0,348.2,345.3
8.56,0.0,1.1,1.3,0.0,371.4,373.1
8.57,0.0,2.8,2.3,0.0,396.3,389.0
8.58,0.0,6.2,1.7,0.7,412.4,413.1
8.59,0.0,2.3,0.0,1.6,422.1,425.9
8.6,0.2,0.0,0.0,3.6,448.7,442.2
8.61,2.7,0.8,0.0,44.2,460.4,462.7
8.62,10.1,4.9,0.4,78.6,469.8,479.2
8.63,0.0,0.4,0.0,124.6,483.4,496.5
8.64,0.0,0.8,4.4,150.6,497.3,502.3
8.65,0.0,0.0,0.0,189.2,497.0,523.6
8.66,2.8,3.8,0.0,218.4,515.2,523.0
8.67,4.1,0.0,7.9,255.6,523.7,534.2
8.68,3.7,2.4,0.0,287.8,528.0,540.7
8.69,2.3,1.7,4.4,301.9,532.2,546.3
8.7,0.4,0.2,2.4,336.6,526.1,549.7
8.71,2.9,1.9,0.0,361.5,533.5,558.1
8.72,0.0,0.8,0.0,373.3,529.1,546.2
8.73,0.0,5.1,0.0,384.8,521.7,547.7
8.74,8.4,2.7,1.4,398.6,522.4,542.3
8.75,0.0,4.2,0.0,404.4,516.3,541.1
8.76,2.1,0.0,0.0,418.8,513.3,531.8
8.77,0.0,0.0,0.0,415.0,503.0,522.2
8.78,6.2,0.3,4.4,412.5,485.0,505.1
8.79,4.6,3.0,0.0,411.2,477.3,497.4
8.8,0.0,2.1,0.0,398.2,464.1,482.0
8.81,0.0,0.0,0.0,379.1,449.3,469.3
8.82,1.1,3.1,1.5,363.2,431.2,451.6
8.83,0.0,0.0,0.0,353.0,422.4,435.2
8.84,2.0,2.7,4.8,318.0,394.6,416.7
8.85,4.2,1.1,0.1,294.9,384.3,396.6
8.86,1.3,0.0,1.7,263.6,351.5,375.6
8.87,0.0,0.0,0.9,230.2,334.1,350.5
8.88,0.0,0.5,0.0,201.6,316.1,330.8
8.89,0.0,0.3,0.0,167.6,285.4,302.4
8.9,0.0,0.0,0.0,133.0,262.4,278.1
8.91,0.0,2.4,0.0,101.3,242.4,253.9
8.92,0.0,4.6,1.4,61.2,207.6,216.6
8.93,0.0,3.4,0.0,27.2,192.6,209.1
8.94,3.2,1.3,0.0,0.6,167.2,172.8
8.95,2.5,0.0,0.0,0.7,140.0,143.0
8.96,2.1,0.5,2.6,0.0,107.4,110.3
8.97,1.7,0.0,5.2,7.8,76.3,83.0
8.98,0.0,0.5,0.0,0.0,48.3,47.8
8.99,0.0,3.7,8.6,3.7,22.4,24.5
9.0,0.0,0.0,0.0,0.0,0.5,0.0
9.01,6.2,0.0,0.0,0.0,0.0,0.0
9.02,0.0,29.8,7.0,8.0,6.3,0.0
9.03,0.0,56.5,18.7,2.7,0.0,6.0
9.04,0.0,83.6,59.0,0.0,5.7,0.0
9.05,0.0,106.2,80.1,0.0,0.4,1.3
9.06,1.0,135.1,111.1,6.4,0.2,0.0
9.07,0.6,162.7,136.3,0.4,2.1,0.1
9.08,0.0,189.7,175.3,0.0,2.0,6.9
9.09,0.0,216.1,203.0,0.0,0.0,2.0
9.1,2.2,238.6,223.3,0.0,2.3,0.0
9.11,0.0,276.4,252.4,5.7,2.8,0.2
9.12,0.0,297.4,281.2,0.0,6.6,0.0
9.13,4.8,315.3,301.7,0.0,0.3,4.9
9.14,0.0,335.7,333.0,2.4,0.0,0.0
9.15,0.0,363.8,350.1,0.0,0.0,0.0
9.16,5.4,382.6,370.2,0.0,9.5,0.0
9.17,4.2,391.4,386.5,0.0,0.0,0.0
9.18,0.0,412.5,406.8,0.1,0.0,0.0
9.19,7.0,426.6,432.2,0.0,0.1,0.0
9.2,46.4,440.6,447.3,1.9,0.0,0.0
9.21,85.8,454.1,464.6,0.9,3.3,1.5
9.22,129.2,466.0,472.5,0.0,2.9,4.1
9.23,165.0,477.3,480.0,3.1,0.0,0.0
9.24,194.6,485.9,494.9,0.0,6.0,0.0
9.25,228.7,497.9,513.6,3.2,0.0,0.0
9.26,255.4,494.4,508.6,8.3,0.0,0.0
9.27,280.4,505.4,517.6,0.0,6.3,4.9
9.28,302.8,499.6,511.6,0.0,0.0,0.0
9.29,332.2,505.6,521.0,5.5,1.4,0.0
9.3,353.4,508.0,521.5,0.0,6.3,0.0
9.31,363.4,503.6,522.8,7.6,0.0,0.0
9.32,382.4,496.0,516.9,0.0,0.0,7.6
9.33,384.7,492.8,507.0,0.0,3.8,0.0
9.34,391.5,491.1,503.7,9.5,0.0,0.0
9.35,391.6,473.4,497.0,1.5,0.2,0.2
9.36,394.9,467.8,483.8,6.5,0.8,0.0
9.37,385.8,457.8,472.7,0.0,1.3,0.0
9.38,373.9,439.2,466.8,0.0,0.0,0.0
9.39,361.1,433.2,445.5,0.0,3.1,0.0
9.4,339.4,418.7,433.4,4.0,1.0,4.7
9.41,315.2,397.6,413.3,1.5,0.0,4.7
9.42,299.0,379.1,390.0,0.0,0.0,0.0
9.43,274.5,348.2,373.2,2.4,0.0,0.0
9.44,248.9,329.1,354.0,0.2,0.9,0.5
9.45,215.4,312.3,337.0,0.0,2.0,0.0
9.46,181.3,287.2,303.1,1.5,0.8,5.2
9.47,136.8,268.6,280.9,0.0,2.2,3.0
9.48,114.7,230.2,259.1,3.0,0.5,1.4
9.49,76.4,218.7,233.8,0.0,3.0,0.3
9.5,41.1,189.6,198.7,0.0,0.0,0.0
9.51,0.1,161.5,172.6,0.0,2.8,5.4
9.52,4.6,144.2,149.0,0.0,0.0,2.3
9.53,0.0,107.8,117.5,0.0,0.0,1.6
9.54,0.0,74.6,90.0,1.7,0.3,0.0
9.55,1.0,54.8,60.8,0.0,2.7,0.0
9.56,2.6,26.1,28.3,0.0,0.0,2.0
9.57,1.7,0.0,0.6,3.2,6.4,4.4
9.58,1.9,9.4,0.0,0.0,38.6,6.9
9.59,1.1,0.8,0.0,3.1,62.6,30.8
9.6,0.0,4.1,0.0,0.0,113.3,68.5
9.61,3.6,1.3,4.8,0.0,131.9,96.0
9.62,0.0,5.1,0.7,0.0,165.6,129.4
9.63,0.0,0.0,0.7,0.0,205.8,175.7
9.64,6.4,0.0,0.0,0.0,232.5,204.0
9.65,0.0,3.1,4.8,1.1,259.9,232.7
9.66,0.0,1.2,0.0,0.0,290.7,268.2
9.67,5.6,3.2,0.0,0.0,317.8,305.6
9.68,0.0,0.0,5.2,0.0,345.8,336.2
9.69,0.0,1.9,3.5,1.9,378.7,357.3
9.7,4.8,0.0,0.0,3.5,398.9,396.8
9.71,0.0,0.0,0.0,3.9,420.6,415.8
9.72,0.0,0.0,0.0,0.0,444.5,445.0
9.73,0.0,2.0,0.0,4.1,468.2,467.8
9.74,0.0,0.0,0.0,2.3,485.5,489.9
9.75,2.7,0.0,0.0,30.7,505.5,506.8
9.76,0.0,0.0,0.0,70.9,524.6,529.3
9.77,0.0,2.4,3.6,116.9,536.1,547.6
9.78,0.0,0.5,3.4,167.7,547.7,560.9
9.79,0.0,0.0,5.6,208.6,559.7,575.5
9.8,0.0,3.4,1.4,241.2,577.6,591.0
9.81,0.0,6.3,0.0,279.3,588.4,594.1
9.82,6.7,3.6,4.1,304.3,585.7,606.1
9.83,1.2,0.0,0.0,349.4,592.3,608.1
9.84,0.0,0.9,0.0,375.8,587.7,618.0
9.85,0.3,0.0,0.0,398.8,589.2,608.0
9.86,0.0,0.0,1.6,415.8,591.6,618.1
9.87,4.8,0.0,0.0,435.3,576.7,608.0
9.88,0.0,3.2,0.0,453.5,583.6,613.8
9.89,0.0,0.7,0.0,457.4,570.9,600.2
9.9,7.5,0.3,1.6,470.4,559.5,593.0
9.91,0.0,0.0,0.0,462.7,554.3,578.1
9.92,3.2,4.3,10.5,450.9,545.6,568.6
9.93,0.3,0.0,0.0,443.7,524.0,553.9
9.94,0.0,0.0,3.0,428.9,510.1,534.1
9.95,0.0,0.0,0.0,417.5,492.8,519.3
9.96,5.4,0.0,2.3,397.1,472.4,482.8
9.97,1.9,0.0,0.0,373.9,446.5,471.9
9.98,2.4,4.2,0.0,336.8,428.8,451.2
9.99,3.6,0.0,6.7,307.8,404.8,428.2
10.0,1.4,3.1,0.0,275.9,368.0,403.8
10.01,0.0,2.5,0.0,239.3,356.0,371.3
10.02,0.0,0.0,0.0,188.2,319.0,341.9
10.03,6.2,0.0,0.7,153.8,296.9,316.9
10.04,0.8,0.3,0.5,103.3,273.0,286.9
10.05,0.3,0.0,0.3,61.4,235.5,253.2
10.06,7.2,0.0,0.0,13.6,201.2,216.7
10.07,0.0,1.0,8.1,0.0,175.8,193.9
10.08,0.0,3.5,5.9,0.0,146.8,149.8
10.09,0.0,0.0,0.5,0.0,103.9,115.6
10.1,0.0,0.0,0.0,0.0,65.8,86.2
10.11,5.5,27.1,6.3,1.2,46.5,50.4
10.12,14.2,56.6,29.5,0.1,11.7,11.6
10.13,13.3,89.4,55.7,0.0,1.5,0.0
10.14,0.0,116.5,90.2,11.0,0.0,0.5
10.15,16.3,142.9,113.3,0.0,2.4,2.1
10.16,0.0,173.1,140.9,0.0,4.1,7.8
10.17,4.9,197.6,174.6,2.3,8.6,11.8
10.18,2.2,218.8,196.4,0.0,0.0,0.0
10.19,0.0,245.7,226.2,0.0,0.6,3.4
10.2,0.0,277.8,260.3,1.6,0.0,0.0
10.21,0.0,294.5,285.8,0.0,3.9,0.0
10.22,0.0,322.2,305.3,0.0,3.8,0.0
10.23,0.0,346.1,334.3,5.9,1.6,6.7
10.24,0.0,364.4,354.7,0.5,4.8,1.0
10.25,6.6,382.8,381.2,2.5,0.0,1.2
10.26,0.4,404.7,402.9,0.0,0.0,0.2
10.27,8.4,421.0,430.2,0.6,0.0,1.5
10.28,0.0,448.4,445.3,0.0,4.4,1.6
10.29,0.0,464.0,463.5,0.0,4.5,0.0
10.3,2.4,474.7,480.1,0.0,1.3,0.0
10.31,0.0,486.2,490.7,0.0,1.1,0.0
10.32,3.9,509.0,511.7,4.2,2.2,0.0
10.33,5.8,517.4,527.1,2.3,0.0,0.8
10.34,4.4,523.1,537.7,0.0,5.4,0.0
10.35,5.5,538.9,549.7,6.9,0.0,3.9
10.36,3.3,541.8,558.5,2.6,1.7,1.0
10.37,0.0,548.2,571.4,4.6,0.0,0.0
10.38,4.6,546.9,563.5,0.0,3.8,0.0
10.39,2.8,547.8,572.9,0.0,0.0,0.0
10.4,0.0,548.8,575.7,0.0,8.3,0.0
10.41,0.0,563.2,573.7,6.8,0.0,0.0
10.42,0.0,549.8,571.6,0.0,3.7,0.0
10.43,4.4,550.2,573.6,0.0,0.0,7.5
10.44,0.5,547.1,569.2,0.0,0.0,3.0
10.45,0.0,539.1,557.7,0.0,0.0,0.0
10.46,0.0,531.0,547.5,2.1,1.4,5.7
10.47,0.0,521.9,544.0,2.4,0.0,0.0
10.48,0.0,514.1,533.0,1.7,0.0,0.0
10.49,3.2,496.3,526.3,0.0,0.4,3.4
10.5,0.0,485.6,507.0,1.2,1.6,0.0
10.51,0.3,463.8,495.3,7.1,0.0,2.7
10.52,0.0,449.9,473.2,0.0,0.0,1.2
10.53,3.1,435.2,456.4,4.5,0.0,2.4
10.54,0.0,425.8,440.9,3.2,2.0,7.2
10.55,0.0,402.1,423.1,0.0,3.4,1.8
10.56,4.0,385.7,399.8,0.7,3.8,0.5
10.57,0.0,363.2,381.4,1.4,0.6,0.0
10.58,0.6,340.4,350.8,0.0,0.0,0.8
10.59,5.1,312.5,332.5,0.0,0.0,0.0
10.6,0.0,292.5,307.4,3.6,0.6,0.0
10.61,0.0,268.5,276.4,0.0,0.0,0.0
10.62,0.0,250.8,256.3,0.0,0.0,2.0
10.63,0.5,214.4,219.1,0.0,0.0,0.0
10.64,0.0,192.0,196.9,1.1,0.0,0.8
10.65,3.7,161.4,174.1,0.0,0.0,0.0
10.66,0.0,131.4,132.9,0.0,1.2,0.0
10.67,5.1,109.6,114.9,7.3,18.5,0.0
10.68,6.4,85.4,77.6,6.2,47.2,16.5
10.69,1.0,50.4,49.8,6.4,76.7,41.2
10.7,0.0,18.0,27.5,10.8,110.2,74.5
10.71,0.0,1.9,0.0,6.7,130.8,101.9
10.72,0.0,1.1,6.5,2.1,152.4,128.3
10.73,7.1,8.9,0.0,1.8,182.6,163.4
10.74,0.0,3.0,0.0,0.0,218.8,186.9
10.75,5.5,0.0,3.4,3.4,243.0,218.8
10.76,0.4,5.1,2.2,0.0,266.1,238.6
10.77,0.2,3.1,0.6,5.0,289.5,271.5
10.78,0.0,3.7,0.0,0.0,313.2,299.2
10.79,0.0,1.8,0.0,0.0,332.2,323.1
10.8,3.6,4.0,0.0,0.0,358.5,349.3
10.81,0.0,1.8,5.3,0.0,379.7,371.5
10.82,3.8,0.0,6.8,0.0,399.4,392.2
10.83,5.8,0.5,0.5,0.0,412.6,415.4
10.84,0.0,0.0,0.0,4.0,431.5,430.4
10.85,4.8,1.4,0.0,0.0,447.0,452.7
10.86,4.2,0.3,0.0,0.0,469.0,468.2
10.87,3.5,0.0,0.0,0.0,480.6,491.7
10.88,0.0,0.0,0.0,8.2,493.9,500.3
10.89,0.0,0.0,2.1,0.0,506.4,507.5
10.9,0.0,0.0,1.0,0.0,508.9,525.8
10.91,8.4,4.1,6.3,0.0,527.1,531.6
10.92,0.0,1.4,0.0,6.2,529.1,547.5
10.93,0.0,0.0,0.8,0.0,535.7,555.3
10.94,0.0,2.4,3.0,0.0,539.0,556.0
10.95,0.0,0.0,4.1,1.5,546.1,558.9
10.96,0.0,0.0,0.0,1.2,547.5,566.7
10.97,1.4,1.5,1.6,1.9,542.7,564.1
10.98,0.0,5.7,0.6,0.0,540.2,564.3
10.99,0.0,1.1,1.2,0.0,544.2,564.0
11.0,0.0,0.0,0.2,4.5,544.4,565.4
11.01,5.6,0.0,6.9,1.6,538.8,552.3
11.02,0.4,3.4,0.0,3.2,533.3,549.0
11.03,1.2,1.6,0.0,0.0,520.5,553.8
11.04,0.0,3.8,0.0,4.2,510.5,542.8
11.05,4.6,1.6,0.0,1.2,500.7,529.2
11.06,6.0,3.1,1.2,0.0,492.3,512.3
11.07,0.3,8.1,0.0,3.0,482.1,501.6
11.08,0.0,0.0,4.0,0.0,459.2,482.2
11.09,2.2,9.6,0.0,6.2,444.2,456.6
11.1,2.9,3.7,0.0,4.0,428.3,447.6
11.11,3.5,10.5,0.0,0.0,409.0,429.3
11.12,2.7,0.0,7.3,0.0,388.5,411.3
11.13,3.9,1.5,0.0,0.5,370.1,392.1
11.14,0.0,0.6,6.5,0.0,346.2,374.6
11.15,3.6,3.5,0.0,5.3,330.1,344.9
11.16,0.0,1.9,3.3,0.0,310.1,316.7
11.17,0.0,1.4,0.0,0.0,279.2,294.9
11.18,0.0,3.1,7.3,0.0,262.5,272.5
11.19,0.0,0.0,4.5,3.0,230.1,242.9
11.2,1.0,15.9,3.4,4.1,201.9,212.9
11.21,3.4,45.3,6.2,0.5,181.1,190.5
11.22,0.8,66.7,43.7,0.0,147.8,155.5
11.23,8.0,93.4,71.1,0.0,126.7,127.8
11.24,0.0,113.1,88.1,0.0,97.7,103.8
11.25,0.0,143.8,116.8,0.0,67.2,69.6
11.26,1.1,164.2,146.1,0.0,38.8,41.7
11.27,0.0,191.7,160.4,2.0,9.2,13.5
11.28,0.0,211.0,198.3,0.0,4.1,0.0
11.29,0.0,238.3,222.8,0.0,0.0,0.0
11.3,0.0,264.4,240.9,4.4,1.2,1.3
11.31,0.0,280.2,258.3,0.0,0.0,0.0
11.32,6.1,300.0,291.6,0.0,0.0,6.6
11.33,0.5,327.4,308.2,1.3,1.3,0.0
11.34,0.0,347.6,328.2,0.0,2.0,2.4
11.35,6.4,364.6,356.9,0.0,0.6,2.9
11.36,0.0,379.1,380.8,6.2,0.0,0.0
11.37,0.0,395.6,393.8,0.0,0.0,0.0
11.38,0.0,413.0,417.6,0.0,0.0,2.9
11.39,0.0,429.4,432.7,1.8,0.0,0.0
11.4,0.0,437.0,440.7,0.0,0.1,0.0
11.41,35.1,453.2,459.1,0.0,0.0,2.4
11.42,72.1,474.3,479.6,7.1,2.5,0.0
11.43,111.5,481.2,485.8,0.0,1.3,0.0
11.44,144.8,495.3,502.9,0.0,0.0,0.0
11.45,173.9,503.2,508.4,1.7,0.0,0.0
11.46,201.7,505.6,522.0,8.6,0.0,8.7
11.47,228.5,512.1,528.7,0.0,0.0,4.1
11.48,259.8,522.4,532.6,0.0,0.0,0.0
11.49,291.1,525.7,541.7,2.0,0.0,0.0
11.5,308.2,529.4,534.3,8.4,3.7,2.4
11.51,327.3,527.1,541.2,0.5,1.9,0.0
11.52,347.8,528.1,545.0,0.0,5.0,0.0
11.53,364.2,525.7,551.6,1.6,0.4,0.0
11.54,381.8,524.4,539.8,0.0,0.0,0.0
11.55,388.2,518.6,542.8,0.0,7.0,4.4
11.56,401.8,516.5,540.2,0.0,0.0,0.0
11.57,408.6,510.5,534.7,0.0,0.0,0.0
11.58,411.0,502.4,526.7,0.0,0.9,0.5
11.59,405.8,499.3,516.8,0.0,0.0,6.3
11.6,407.2,481.3,509.1,0.7,0.0,0.0
11.61,400.5,477.9,503.6,2.5,0.0,8.5
11.62,394.3,461.4,485.4,0.0,2.1,0.0
11.63,381.2,449.1,466.8,0.0,3.8,0.0
11.64,375.4,435.8,463.3,5.1,0.0,3.7
11.65,355.2,426.1,452.4,7.6,0.0,7.7
11.66,329.5,399.6,426.1,1.6,3.0,0.0
11.67,309.8,392.7,418.5,0.0,0.0,4.9
11.68,297.0,374.7,397.0,0.0,0.3,3.4
11.69,266.4,352.3,371.1,1.7,2.2,0.0
11.7,238.7,337.7,352.9,0.4,0.0,0.0
11.71,216.3,312.1,331.8,1.7,0.0,0.0
11.72,181.1,296.1,313.7,1.8,0.4,0.0
11.73,145.7,269.8,289.8,0.0,5.3,0.7
11.74,113.6,261.0,271.7,0.0,0.0,0.3
11.75,87.5,233.6,246.8,0.0,25.5,1.5
11.76,59.3,208.0,212.8,1.9,58.7,20.4
11.77,20.5,179.5,188.3,0.0,84.1,46.3
11.78,0.0,158.1,171.0,0.0,105.9,87.4
11.79,0.0,133.8,140.6,0.0,133.3,106.9
11.8,0.2,110.9,115.8,0.0,161.5,139.4
11.81,0.0,86.5,92.1,5.6,187.3,163.7
11.82,0.1,60.6,66.7,4.9,216.1,195.2
11.83,2.3,35.7,31.4,1.7,239.7,212.8
11.84,7.1,8.2,0.5,7.1,253.6,241.7
11.85,4.4,1.4,0.0,3.5,276.0,265.7
11.86,7.7,0.0,0.0,0.5,302.6,289.8
11.87,6.7,0.0,0.3,0.0,319.0,317.0
11.88,5.6,7.4,0.0,0.0,352.4,337.8
11.89,0.1,1.7,0.0,1.5,360.9,355.0
11.9,1.4,7.2,8.3,0.0,384.4,380.4
11.91,0.0,0.0,0.1,0.0,399.8,399.9
11.92,0.5,9.6,0.0,0.0,413.5,423.5
11.93,2.3,0.3,0.4,6.7,440.0,431.7
11.94,0.0,4.6,2.1,28.8,447.2,451.6
11.95,0.0,0.1,0.0,80.9,470.1,465.5
11.96,6.3,0.7,9.3,113.2,479.8,485.0
11.97,1.6,0.0,0.0,144.7,484.6,491.9
11.98,6.9,0.0,0.0,180.3,485.2,509.0
11.99,3.0,3.9,0.0,215.0,499.9,513.8
12.0,5.5,0.0,0.0,241.5,516.8,523.8
12.01,4.7,3.3,1.9,273.5,514.2,532.5
12.02,0.0,3.6,0.0,299.2,515.3,528.0
12.03,0.0,5.7,1.9,320.1,515.6,535.0
12.04,0.0,1.7,1.8,336.0,522.3,539.4
12.05,0.0,0.0,0.0,358.3,519.4,538.6
12.06,7.1,0.0,1.7,365.8,516.9,531.2
12.07,0.2,0.0,0.0,387.9,516.6,536.2
12.08,1.8,0.0,0.0,393.4,511.4,529.1
12.09,0.0,5.3,0.0,398.4,502.3,523.4
12.1,3.3,4.5,0.9,406.0,486.4,514.4
12.11,0.0,0.0,4.9,397.4,479.6,493.6
12.12,5.0,9.7,0.0,398.8,470.6,498.0
12.13,0.0,0.0,0.0,389.5,461.0,486.3
12.14,5.3,0.0,0.7,379.5,454.1,469.0
12.15,3.8,0.0,7.0,367.6,442.0,450.1
12.16,0.0,0.0,1.7,357.0,419.8,437.9
12.17,5.7,0.0,0.0,331.6,403.7,426.8
12.18,4.6,4.1,0.0,313.0,377.7,402.7
12.19,2.0,3.0,3.9,288.3,363.2,384.8
12.2,0.0,0.0,0.0,258.5,342.8,362.7
12.21,3.2,0.4,0.0,218.7,321.6,343.5
12.22,0.3,3.2,4.1,193.9,304.8,314.2
12.23,0.2,0.0,1.2,157.7,278.1,295.0
12.24,0.3,7.1,0.0,139.4,249.1,275.7
12.25,0.0,4.2,0.0,88.7,236.0,242.4
12.26,0.0,3.2,0.0,50.8,212.8,218.9
12.27,0.0,4.8,0.0,9.3,183.9,197.6
12.28,0.0,0.0,1.2,0.0,156.3,169.2
12.29,1.2,0.0,3.8,0.5,127.2,140.3
12.3,0.0,5.0,1.7,4.3,100.9,112.0
12.31,2.9,3.1,0.0,0.0,81.7,83.5
12.32,2.0,31.8,0.0,4.7,47.4,52.5
12.33,0.0,60.3,28.9,0.0,31.3,29.0
12.34,4.1,82.8,48.3,0.0,3.8,0.0
12.35,0.0,104.2,80.5,0.7,1.4,0.0
12.36,1.7,132.5,106.8,5.7,10.9,0.0
12.37,0.0,148.1,133.8,0.2,5.1,0.0
12.38,0.0,181.0,158.6,0.0,0.0,0.0
12.39,0.0,205.8,185.6,1.7,0.0,0.0
12.4,1.7,226.5,201.9,1.6,0.0,0.0
12.41,3.8,253.2,238.4,0.0,0.0,1.5
12.42,0.0,271.5,249.1,4.1,0.0,0.0
12.43,1.0,292.1,280.8,0.0,0.0,2.2
12.44,3.1,319.3,301.8,1.4,0.9,2.9
12.45,0.0,327.6,321.1,3.1,3.6,10.3
12.46,2.3,355.7,340.4,0.0,7.4,0.0
12.47,0.0,373.0,366.2,0.0,0.3,0.0
12.48,0.0,387.8,385.8,4.0,2.4,0.0
12.49,0.0,398.5,399.8,4.7,0.0,0.0
12.5,5.0,416.0,415.5,5.4,3.4,0.0
12.51,33.6,424.9,437.1,0.0,0.0,0.0
12.52,73.2,438.1,444.3,0.8,1.2,0.0
12.53,100.1,452.0,458.7,1.3,0.0,0.9
12.54,134.7,457.8,469.5,0.0,0.0,0.0
12.55,169.7,469.0,490.4,0.6,0.0,2.3
12.56,196.4,472.9,486.0,0.6,0.0,3.4
12.57,225.8,486.0,500.1,3.0,0.0,0.0
12.58,244.3,494.7,496.0,0.0,0.0,5.6
12.59,282.9,500.3,503.6,5.0,4.7,1.6
12.6,301.6,489.5,509.4,0.3,0.0,0.0
12.61,318.4,491.0,511.8,6.8,0.0,0.0
12.62,347.1,493.6,511.6,3.0,2.6,0.0
12.63,351.4,495.2,511.1,1.1,1.3,6.3
12.64,364.4,488.3,506.1,0.0,8.1,5.3
12.65,371.6,488.4,510.0,0.0,4.0,6.4
12.66,385.8,480.8,495.4,6.4,0.0,7.4
12.67,390.0,464.4,495.5,3.5,3.2,5.5
12.68,389.4,463.3,487.0,0.0,2.7,1.0
12.69,386.0,448.4,470.8,0.0,6.6,2.2
12.7,371.9,440.2,462.2,0.9,0.0,0.0
12.71,371.5,428.6,451.4,0.0,4.4,1.0
12.72,351.7,420.0,444.5,0.0,0.0,3.0
12.73,331.1,402.5,421.6,2.5,1.2,3.1
12.74,317.6,385.2,421.5,3.0,0.0,0.0
12.75,300.1,378.9,393.0,0.0,0.0,0.0
12.76,273.3,349.4,373.0,6.4,3.5,0.0
12.77,251.3,335.6,355.9,4.2,0.0,1.9
12.78,225.6,317.7,325.2,0.0,0.0,0.0
12.79,196.1,295.5,315.6,0.0,3.3,2.7
12.8,166.6,270.1,283.5,2.4,0.0,0.0
12.81,131.3,248.1,269.3,0.0,0.0,5.4
12.82,96.2,231.9,239.8,0.0,0.0,0.0
12.83,59.5,210.5,214.6,0.9,4.8,5.9
12.84,30.7,182.5,200.0,2.9,0.0,0.0
12.85,0.0,153.3,167.0,3.2,5.9,2.4
12.86,0.0,134.0,135.3,0.2,38.2,0.0
12.87,0.0,115.1,118.9,0.0,71.6,33.3
12.88,0.0,79.8,83.4,3.8,102.2,70.9
12.89,2.0,57.1,66.8,0.0,133.5,103.2
12.9,0.0,33.0,34.1,1.2,159.6,129.0
12.91,0.0,11.4,1.9,0.0,194.0,162.1
12.92,0.0,0.0,3.3,9.0,217.2,189.9
12.93,0.0,2.4,2.1,8.2,246.8,220.1
12.94,0.3,6.0,0.0,0.0,270.1,254.2
12.95,0.1,0.0,0.0,0.0,309.8,283.6
12.96,2.2,0.0,1.2,0.0,325.1,309.5
12.97,0.0,0.1,1.0,1.1,359.7,342.1
12.98,0.0,4.4,0.0,0.0,380.0,369.1
12.99,4.5,1.8,3.0,0.0,401.2,394.3
13.0,0.0,4.7,2.3,0.0,423.2,414.9
13.01,1.5,0.0,0.1,1.8,437.5,438.2
13.02,0.0,1.8,0.0,0.0,466.8,460.2
13.03,1.8,0.0,0.6,21.5,476.0,484.2
13.04,0.0,5.8,0.0,64.0,497.2,496.0
13.05,4.6,5.2,0.0,106.3,505.0,508.2
13.06,0.0,0.0,0.0,148.2,513.9,528.1
13.07,0.0,0.0,0.0,187.5,538.4,540.4
13.08,0.0,0.0,0.0,217.1,537.2,546.6
13.09,0.0,4.9,0.0,259.5,548.8,560.6
13.1,0.0,2.1,5.3,290.1,540.6,565.9
13.11,0.6,7.8,0.0,317.4,556.3,574.5
13.12,0.0,0.0,0.6,346.9,561.2,580.0
13.13,3.5,8.6,0.0,376.7,559.7,577.7
13.14,0.0,0.0,5.2,395.4,557.4,581.5
13.15,0.0,0.0,6.6,409.0,553.8,576.0
13.16,0.0,0.0,0.0,417.6,553.3,572.0
13.17,2.7,3.4,2.9,424.3,538.0,565.7
13.18,0.0,0.0,8.4,430.5,533.8,558.2
13.19,0.0,4.5,0.0,434.7,530.5,543.7
13.2,0.0,3.2,3.9,431.1,507.1,530.3
13.21,4.9,1.2,0.0,420.6,499.2,528.7
13.22,4.2,0.0,0.1,414.9,480.3,509.9
13.23,1.5,0.0,0.0,397.3,469.5,490.1
13.24,0.6,2.8,0.0,365.8,450.5,478.1
13.25,9.3,0.0,4.4,353.8,427.2,465.3
13.26,1.9,3.5,0.6,330.1,410.3,426.3
13.27,0.7,6.4,0.0,298.5,388.4,409.2
13.28,0.0,0.0,1.3,267.9,362.5,387.8
13.29,1.4,5.7,3.6,229.8,338.8,353.0
13.3,0.0,1.2,0.0,193.7,312.4,326.7
13.31,4.1,2.8,0.0,155.1,279.4,308.7
13.32,0.0,0.0,0.0,115.8,264.8,275.9
13.33,0.0,0.0,0.0,71.5,237.6,243.5
13.34,0.0,0.0,5.4,36.2,196.8,209.2
13.35,0.0,5.8,0.0,5.7,179.1,185.7
13.36,0.0,0.0,1.2,0.0,145.6,146.9
13.37,3.6,2.9,0.0,0.0,109.0,116.0
13.38,5.2,0.1,0.0,0.0,81.6,83.5
13.39,7.8,0.0,0.1,1.6,48.3,52.8
13.4,0.4,0.0,0.0,2.4,23.4,16.5
13.41,0.0,0.0,0.0,1.6,0.0,0.0
13.42,3.1,0.0,0.0,2.0,8.5,3.8
13.43,0.5,21.5,0.0,0.0,4.6,0.7
13.44,3.9,46.8,14.5,0.0,0.0,0.1
13.45,8.4,78.5,43.1,0.0,6.6,1.7
13.46,9.5,113.2,75.0,6.6,2.9,0.0
13.47,0.0,138.4,96.5,1.1,0.0,1.5
13.48,7.1,159.2,130.6,1.7,2.7,1.7
13.49,1.0,185.8,158.0,3.6,3.7,0.0
13.5,3.2,214.1,188.8,0.0,0.0,2.4
13.51,0.0,238.0,216.5,0.9,3.3,0.9
13.52,0.0,264.5,243.1,2.0,0.0,1.0
13.53,0.0,287.2,264.9,0.0,3.3,6.7
13.54,0.0,310.1,294.7,1.5,0.0,0.5
13.55,0.0,329.9,317.5,5.2,0.0,0.0
13.56,3.5,356.0,348.9,0.0,2.5,0.5
13.57,0.4,366.6,367.4,0.0,0.0,0.1
13.58,0.0,397.0,389.6,0.7,0.6,0.0
13.59,8.8,407.0,405.6,0.0,1.6,0.0
13.6,0.0,434.6,428.7,0.7,5.9,0.0
13.61,0.0,446.9,451.4,0.0,0.0,3.8
13.62,0.0,472.1,468.1,0.2,0.0,3.8
13.63,0.4,482.4,485.0,4.9,6.6,1.1
13.64,2.8,495.9,494.1,0.0,0.0,6.3
13.65,0.0,510.2,512.3,0.0,0.0,0.7
13.66,2.5,516.5,527.7,1.5,1.4,0.0
13.67,0.3,534.6,545.4,0.1,0.0,0.8
13.68,0.0,541.8,543.5,0.9,0.0,0.0
13.69,2.5,544.5,556.0,3.9,10.3,0.0
13.7,0.0,548.7,560.2,0.0,0.0,0.0
13.71,0.0,556.2,575.4,0.0,0.0,0.0
13.72,3.8,560.8,583.6,0.0,4.9,3.5
13.73,3.8,559.2,583.7,0.8,0.0,0.0
13.74,0.0,562.6,586.4,0.7,1.3,0.0
13.75,1.2,561.5,580.4,0.0,2.6,3.2
13.76,0.8,561.2,584.9,3.0,0.0,0.0
13.77,0.0,558.0,577.8,0.0,4.6,0.0
13.78,0.0,556.2,577.2,0.5,0.0,0.0
13.79,0.0,548.5,573.5,2.4,7.6,7.7
13.8,3.8,542.7,563.4,0.0,0.0,2.2
13.81,1.6,533.6,559.6,0.0,6.3,1.0
13.82,0.0,521.9,545.9,0.0,7.0,0.8
13.83,0.0,514.4,536.6,0.6,0.0,1.6
13.84,0.0,488.3,530.6,6.8,0.0,7.4
13.85,0.0,484.3,511.3,0.0,0.0,0.0
13.86,0.0,468.8,491.3,1.8,6.1,0.7
13.87,0.0,455.7,476.1,0.0,0.7,0.1
13.88,0.0,435.7,464.0,1.5,2.1,3.6
13.89,0.0,422.4,446.0,0.0,0.0,6.8
13.9,0.0,404.1,421.9,0.0,1.9,0.0
13.91,4.6,375.6,395.2,0.3,2.1,1.8
13.92,0.0,361.2,375.6,0.0,0.0,0.7
13.93,1.3,333.3,357.4,12.6,7.1,0.0
13.94,1.3,317.8,335.3,0.0,0.0,3.9
13.95,0.0,290.6,312.5,2.4,4.1,6.3
13.96,2.1,265.2,275.0,9.7,16.3,3.3
13.97,1.5,236.8,260.6,8.9,52.7,13.7
13.98,0.0,218.0,236.2,4.9,82.7,41.0
13.99,0.0,187.9,193.7,9.6,107.8,79.1
14.0,3.9,160.2,175.5,0.0,139.1,102.2
14.01,0.9,140.2,150.4,0.3,159.5,132.2
14.02,1.6,116.3,113.1,6.7,191.5,166.2
14.03,0.0,86.7,87.9,0.0,210.2,197.1
14.04,0.0,51.8,63.0,0.0,242.9,221.0
14.05,0.0,29.3,29.5,7.4,264.6,249.2
14.06,5.2,4.8,0.8,0.0,292.2,276.5
14.07,0.0,0.0,0.9,0.0,322.0,299.4
14.08,5.9,1.3,0.0,1.6,346.5,326.8
14.09,3.8,0.0,0.0,0.0,356.6,346.2
14.1,0.9,0.0,1.9,0.0,387.9,379.0
14.11,4.5,0.0,3.8,0.0,408.7,409.6
14.12,0.0,2.4,1.6,8.2,423.5,419.9
14.13,0.0,2.7,5.4,1.3,445.6,444.4
14.14,3.7,0.0,1.7,5.9,455.3,457.4
14.15,0.0,3.0,7.4,0.0,470.4,470.6
14.16,0.0,0.0,0.3,0.0,484.7,501.2
14.17,0.0,0.0,1.0,0.0,502.6,503.7
14.18,0.0,0.0,1.6,0.0,511.0,524.2
14.19,7.5,0.0,0.0,0.8,518.8,533.3
14.2,3.1,0.0,0.0,0.0,527.8,547.6
14.21,0.0,0.0,0.0,4.8,537.9,551.5
14.22,0.0,2.5,0.0,1.9,540.5,554.5
14.23,1.4,0.0,8.3,0.0,551.1,562.4
14.24,4.8,0.0,7.3,0.5,556.2,578.7
14.25,1.2,0.0,0.0,0.0,556.9,573.2
14.26,0.0,0.0,0.0,0.0,564.7,581.7
14.27,0.0,2.3,0.0,0.0,553.3,571.0
14.28,0.0,0.0,0.0,0.0,555.6,573.1
14.29,1.3,0.0,0.0,0.0,545.2,561.4
14.3,0.0,0.0,0.0,2.6,537.5,561.3
14.31,4.0,1.8,0.0,2.2,531.8,563.2
14.32,2.1,1.0,0.9,0.0,523.3,542.7
14.33,0.9,0.0,3.1,0.0,512.0,533.1
14.34,2.0,5.8,0.0,3.0,496.7,527.7
14.35,0.0,8.1,5.7,0.8,484.3,511.9
14.36,0.0,0.0,1.4,0.0,478.6,504.6
14.37,0.0,0.0,3.6,0.0,462.0,480.3
14.38,1.5,0.0,0.0,0.0,449.1,464.5
14.39,0.0,0.0,2.2,1.6,422.6,447.0
14.4,0.3,1.5,1.8,6.7,403.2,421.8
14.41,0.0,5.1,5.9,0.0,380.5,400.1
14.42,2.4,0.0,2.6,0.0,368.2,377.7
14.43,0.0,0.0,3.4,8.6,338.3,347.0
14.44,1.8,6.0,0.0,0.0,318.8,335.8
14.45,0.0,1.6,4.8,0.0,296.3,305.9
14.46,0.0,1.7,0.0,0.0,264.2,283.1
14.47,0.0,0.0,0.0,0.0,248.1,262.7
14.48,4.8,2.8,1.1,5.1,223.0,227.4
14.49,0.0,4.0,0.0,0.0,193.5,205.9
14.5,0.0,0.8,0.0,2.4,164.9,168.2
14.51,0.0,0.0,0.0,0.0,137.5,142.7
14.52,0.0,14.2,1.5,0.0,115.3,122.9
14.53,7.5,38.4,5.0,0.0,81.7,84.4
14.54,1.6,67.9,41.4,0.0,52.9,61.1
14.55,0.0,105.5,76.9,0.4,21.6,35.2
14.56,0.0,136.2,102.0,0.0,0.0,0.0
14.57,6.3,157.9,130.2,0.0,4.4,0.0
14.58,0.0,184.9,164.6,0.0,0.0,0.0
14.59,0.0,214.2,189.9,8.7,0.0,1.2
14.6,0.0,245.9,223.1,4.0,8.4,1.5
14.61,2.8,267.3,262.3,2.0,1.8,3.1
14.62,0.0,303.1,280.1,0.0,0.0,5.6
14.63,3.5,321.2,309.7,3.3,4.1,0.0
14.64,4.3,348.8,334.5,1.2,1.5,7.5
14.65,2.5,367.6,359.1,0.5,1.4,0.0
14.66,0.0,395.1,387.3,0.0,0.0,1.5
14.67,0.0,416.4,403.7,1.1,2.8,0.0
14.68,0.0,426.9,430.3,6.7,3.8,0.0
14.69,0.0,449.6,446.5,0.3,0.0,0.0
14.7,0.0,469.0,477.7,0.0,0.0,0.8
14.71,33.7,483.5,493.6,0.4,3.8,0.0
14.72,76.7,503.7,503.3,0.2,2.5,0.0
14.73,111.9,511.0,514.2,0.0,3.4,0.0
14.74,147.4,528.0,537.2,0.0,0.2,0.0
14.75,186.3,537.3,547.1,3.2,3.9,0.0
14.76,232.5,543.6,566.7,4.8,0.0,0.0
14.77,261.7,554.2,572.1,9.1,0.0,3.4
14.78,287.1,550.6,576.1,1.8,0.0,4.5
14.79,325.1,560.4,576.8,0.5,4.6,0.0
14.8,345.3,560.0,581.5,3.6,0.0,1.7
14.81,378.7,563.4,585.6,0.0,0.9,0.9
14.82,390.8,561.1,586.0,2.6,1.7,0.0
14.83,408.9,560.7,580.1,4.2,0.0,3.6
14.84,423.4,556.5,574.2,4.1,3.3,4.6
14.85,435.8,551.3,582.3,6.7,6.6,4.2
14.86,434.3,544.2,567.9,0.0,3.9,7.0
14.87,444.1,537.0,561.0,0.0,0.0,4.0
14.88,434.7,519.4,545.8,0.0,0.4,0.0
14.89,430.7,514.7,542.9,0.0,0.6,0.1
14.9,423.5,493.3,528.2,2.2,5.0,1.5
14.91,414.8,473.5,509.4,2.7,0.0,6.1
14.92,394.0,476.5,493.5,2.2,0.0,0.0
14.93,382.8,447.4,475.9,0.6,3.3,0.0
14.94,359.1,430.6,455.8,4.0,0.0,0.0
14.95,328.5,405.0,436.9,2.3,0.0,3.5
14.96,296.3,389.5,414.2,0.0,0.0,0.8
14.97,273.4,369.9,388.8,0.0,0.0,0.0
14.98,228.0,346.8,360.4,0.0,0.7,3.1
14.99,204.3,316.7,339.5,0.2,0.0,0.0
15.0,161.2,294.5,316.2,0.2,2.1,0.0
15.01,131.3,271.7,288.4,0.0,0.0,5.3
15.02,81.5,244.4,262.7,0.0,0.1,0.0
15.03,44.4,216.4,234.1,0.0,0.0,0.6
15.04,8.4,190.8,201.5,0.0,0.0,0.0
15.05,2.4,158.6,169.2,1.7,23.1,0.0
15.06,0.0,135.5,139.0,4.4,58.3,23.3
15.07,0.0,99.3,104.1,0.0,80.3,47.3
15.08,3.8,73.4,78.0,0.0,98.7,84.8
15.09,4.0,43.6,48.4,3.2,126.1,109.8
15.1,0.0,4.0,15.3,0.0,162.1,134.1
15.11,0.0,1.8,2.2,2.9,182.8,150.3
15.12,0.0,0.0,0.0,4.3,207.4,184.6
15.13,1.0,0.0,0.0,1.6,231.4,210.3
15.14,3.3,0.0,0.0,0.0,256.7,243.1
15.15,0.6,0.6,0.0,5.3,283.5,263.7
15.16,0.0,0.0,1.1,0.0,301.0,288.3
15.17,7.1,0.1,0.0,0.0,321.5,314.3
15.18,0.0,0.0,0.0,2.1,338.1,339.0
15.19,3.5,4.2,0.3,0.0,353.4,359.6
15.2,0.9,0.0,10.0,0.0,379.7,376.2
15.21,1.9,4.8,0.0,0.0,397.2,392.2
15.22,0.0,1.5,0.2,0.0,415.4,413.1
15.23,0.0,0.0,0.0,6.4,432.8,428.1
15.24,1.2,5.1,6.9,33.4,435.1,447.0
15.25,0.0,7.7,0.0,76.2,449.8,456.0
15.26,0.0,0.0,8.1,104.2,466.3,475.0
15.27,6.9,0.0,0.0,143.4,473.6,483.2
15.28,2.6,1.7,3.8,178.9,488.1,494.9
15.29,0.1,0.0,0.0,207.4,488.9,497.5
15.3,0.4,0.0,0.0,240.9,503.8,508.6
15.31,6.7,5.2,4.0,266.9,500.6,517.5
15.32,0.0,2.3,5.3,282.1,510.2,519.5
15.33,0.0,0.0,0.0,318.4,496.0,513.8
15.34,3.4,12.5,0.0,334.9,508.0,519.7
15.35,1.9,0.0,0.0,349.1,505.3,526.0
15.36,0.0,2.5,0.9,364.2,494.5,529.1
15.37,4.4,0.0,0.0,369.3,499.2,519.2
15.38,1.2,7.1,0.0,387.0,489.2,513.6
15.39,0.0,0.0,0.0,394.1,485.7,513.7
15.4,2.0,0.0,0.0,390.9,481.2,502.1
15.41,1.4,0.0,0.0,388.9,470.4,496.1
15.42,0.0,8.3,0.0,388.7,461.9,481.6
15.43,1.5,0.0,0.0,385.3,449.5,469.4
15.44,2.5,1.9,0.0,374.2,445.3,461.2
15.45,3.7,0.0,0.0,359.5,422.9,446.2
15.46,0.4,0.0,3.9,347.6,407.0,426.5
15.47,0.0,0.0,0.9,323.7,391.8,406.4
15.48,1.0,0.0,6.3,302.6,372.6,386.1
15.49,4.8,0.0,0.4,273.7,347.9,367.4
15.5,2.5,1.3,0.0,245.2,337.5,350.7
15.51,0.0,8.6,0.0,222.3,319.5,333.1
15.52,0.2,2.6,0.5,183.2,299.3,302.9
15.53,6.7,3.4,1.0,156.7,273.7,280.0
15.54,3.0,0.0,0.0,119.1,247.1,263.9
15.55,0.6,0.0,0.0,88.5,225.7,243.9
15.56,4.6,0.0,0.0,53.1,207.7,216.5
15.57,0.0,0.0,0.0,17.1,174.9,178.7
15.58,1.3,22.6,0.0,0.0,145.9,161.1
15.59,7.5,48.7,11.2,2.1,133.9,136.3
15.6,2.6,71.7,46.1,2.8,95.1,103.0
15.61,6.5,111.0,75.5,0.0,66.7,76.3
15.62,0.0,132.7,103.4,0.0,47.8,50.7
15.63,0.0,158.9,130.0,0.0,21.7,23.2
15.64,4.6,182.3,164.1,0.8,1.8,1.5
15.65,0.0,210.8,194.8,0.0,3.5,2.9
15.66,0.7,234.7,215.4,5.1,0.0,0.9
15.67,4.1,258.2,241.7,0.0,0.0,0.0
15.68,2.3,287.7,272.4,3.9,0.0,0.0
15.69,0.0,308.6,291.5,0.0,0.5,0.0
15.7,0.0,336.0,315.9,0.0,2.2,0.0
15.71,0.0,353.3,342.3,0.0,3.6,2.2
15.72,1.9,375.9,369.1,1.6,0.0,0.0
15.73,2.1,395.6,386.3,0.0,0.0,4.3
15.74,0.0,415.5,410.7,0.0,3.5,0.0
15.75,2.9,428.2,422.5,0.0,0.0,0.8
15.76,1.7,451.7,451.6,2.2,0.0,3.3
15.77,17.5,458.7,472.2,0.0,0.0,1.8
15.78,57.5,477.7,478.9,1.1,5.6,0.0
15.79,89.8,485.5,499.1,0.0,1.1,0.5
15.8,131.2,501.4,509.8,0.0,2.2,0.0
15.81,160.5,515.7,523.1,3.4,1.7,0.0
15.82,199.8,523.2,532.2,2.6,0.9,0.9
15.83,232.1,532.7,541.1,0.0,0.0,0.0
15.84,259.6,533.4,546.5,0.2,0.0,1.0
15.85,291.9,543.0,551.6,0.0,0.0,5.8
15.86,321.8,539.9,564.9,0.0,0.0,1.2
15.87,335.3,542.7,556.8,5.2,9.0,0.0
15.88,364.4,545.4,564.9,0.0,0.2,0.0
15.89,383.2,547.3,564.6,1.4,0.0,3.7
15.9,393.4,539.3,563.1,0.0,0.0,0.0
15.91,409.6,540.4,562.7,1.8,4.2,0.0
15.92,414.5,533.3,553.9,4.6,0.6,0.0
15.93,426.3,527.0,551.7,0.7,0.0,0.0
15.94,412.8,514.2,549.3,1.4,0.0,3.6
15.95,428.7,506.7,531.5,3.5,1.2,0.0
15.96,414.3,497.1,513.3,2.8,0.0,2.2
15.97,411.7,486.7,508.7,4.2,3.3,2.5
15.98,397.4,468.8,494.8,1.3,8.5,0.0
15.99,392.8,452.3,482.5,1.3,0.0,0.0
16.0,369.0,433.1,456.7,1.0,0.0,2.3
16.01,348.0,427.7,448.4,3.5,0.0,0.6
16.02,332.1,410.4,426.7,0.0,0.0,0.0
16.03,305.5,379.4,411.7,2.1,0.0,1.8
16.04,273.8,367.6,385.4,9.2,4.4,4.0
16.05,241.5,344.7,368.9,1.4,0.0,0.0
16.06,209.4,329.0,336.3,0.0,0.0,0.0
16.07,185.8,300.4,318.4,0.0,0.3,0.5
16.08,147.8,279.7,289.5,2.5,5.5,0.0
16.09,111.0,251.4,265.8,0.0,0.0,0.6
16.1,75.6,225.3,252.1,0.0,0.0,0.0
16.11,28.6,205.4,210.4,0.0,1.2,0.0
16.12,0.0,180.5,185.0,0.0,0.0,0.0
16.13,0.0,144.4,153.7,6.4,0.0,0.0
16.14,3.9,127.0,128.4,0.0,0.0,2.9
16.15,0.0,91.1,100.0,3.5,0.0,0.0
16.16,4.2,58.0,68.4,0.0,4.9,0.0
16.17,7.2,39.6,48.2,0.0,21.3,0.0
16.18,0.0,13.6,16.9,2.1,44.2,14.0
16.19,0.1,0.0,0.0,0.0,69.6,44.2
16.2,2.0,0.0,3.3,6.7,100.4,71.7
16.21,3.5,0.0,0.0,2.1,122.6,102.8
16.22,0.0,0.0,0.0,4.2,154.6,133.5
16.23,1.4,5.5,0.0,0.0,180.2,158.0
16.24,0.0,0.0,0.0,2.0,206.0,182.3
16.25,0.0,2.9,3.8,3.7,232.5,212.7
16.26,8.3,0.8,0.0,0.0,260.0,234.5
16.27,0.0,6.3,5.2,0.0,277.7,267.7
16.28,1.8,0.0,0.6,0.0,308.9,289.6
16.29,0.0,0.0,0.0,0.0,331.9,316.6
16.3,1.0,0.0,0.0,0.9,357.6,339.5
16.31,2.2,3.2,7.0,0.0,370.5,361.0
16.32,3.6,4.5,0.0,0.0,394.6,385.1
16.33,0.0,3.5,0.0,2.7,410.9,404.2
16.34,0.6,0.0,3.4,0.0,425.0,421.5
16.35,0.8,0.0,2.3,0.0,435.4,437.7
16.36,0.0,0.0,0.0,37.1,458.6,460.3
16.37,0.0,0.0,0.0,72.8,469.5,469.5
16.38,3.6,3.7,0.0,102.3,487.9,495.6
16.39,0.0,0.0,0.0,137.6,494.6,506.2
16.4,10.4,0.0,1.3,173.0,505.3,505.9
16.41,3.9,8.7,1.8,210.3,506.9,524.4
16.42,1.8,3.2,0.0,246.5,516.8,534.6
16.43,6.0,4.3,0.0,276.8,513.3,534.3
16.44,3.1,0.0,1.0,301.0,527.0,543.1
16.45,0.7,0.0,5.0,330.2,531.9,544.7
16.46,0.0,4.3,0.4,345.2,533.5,549.8
16.47,2.7,6.0,0.0,367.8,525.8,545.6
16.48,5.6,0.0,3.9,377.0,517.8,550.1
16.49,0.0,0.0,0.5,385.8,519.3,542.6
16.5,0.0,0.0,0.7,400.3,516.1,537.4
16.51,0.0,1.9,3.2,407.2,511.5,535.2
16.52,7.0,4.3,0.0,420.8,493.8,528.5
16.53,0.3,0.0,0.0,409.7,492.2,506.4
16.54,5.8,0.0,0.0,401.6,477.7,493.5
16.55,0.1,0.0,4.4,402.0,475.6,494.4
16.56,0.0,0.0,7.6,384.3,447.1,476.8
16.57,8.5,6.0,0.0,373.9,445.8,459.2
16.58,0.0,2.0,6.5,359.7,425.3,446.6
16.59,0.0,3.7,0.0,332.3,400.6,442.1
16.6,1.8,0.0,0.1,319.2,397.3,406.3
16.61,0.0,0.0,6.8,292.1,376.7,395.0
16.62,3.1,0.1,0.0,261.1,355.9,367.2
16.63,1.8,1.3,0.0,236.6,329.9,342.1
16.64,1.9,5.5,0.0,196.0,304.6,322.1
16.65,0.0,0.0,0.2,167.1,284.4,294.6
16.66,0.0,0.0,1.2,130.0,262.4,268.9
16.67,0.0,0.0,0.0,90.2,233.4,246.3
16.68,0.0,0.0,5.8,53.5,206.9,218.1
16.69,1.2,3.7,0.0,26.7,186.4,194.6
16.7,0.0,7.0,2.0,4.2,158.8,167.9
16.71,0.0,23.6,0.1,3.6,134.9,135.7
16.72,3.2,50.6,20.8,0.0,110.0,112.6
16.73,11.3,86.2,43.5,2.8,79.9,78.3
16.74,11.9,109.4,79.7,0.0,44.1,51.0
16.75,4.0,139.3,117.6,6.8,20.8,13.4
16.76,0.0,164.9,132.4,4.9,1.5,0.3
16.77,2.5,193.2,164.3,3.7,3.2,9.0
16.78,0.7,218.6,205.6,3.3,3.4,3.2
16.79,4.7,249.0,225.4,0.0,0.0,0.0
16.8,0.0,267.2,254.5,1.9,0.0,0.0
16.81,0.0,298.4,280.1,6.2,4.0,6.5
16.82,4.3,317.5,314.5,1.9,1.5,0.0
16.83,0.0,346.4,327.1,0.0,1.1,0.0
16.84,0.0,376.3,363.2,5.0,0.0,0.0
16.85,3.6,391.0,375.9,0.0,8.4,8.3
16.86,5.8,413.2,398.1,0.0,1.0,0.0
16.87,0.7,431.3,421.3,0.0,0.0,1.8
16.88,0.0,436.4,445.3,0.0,1.0,0.0
16.89,6.1,461.9,461.7,0.7,0.0,0.0
16.9,1.5,479.6,478.9,8.7,0.0,0.0
16.91,0.9,483.6,494.4,1.3,1.2,5.7
16.92,0.0,503.6,509.1,11.9,0.0,0.2
16.93,4.5,515.7,522.1,0.0,0.4,0.0
16.94,0.0,521.0,538.3,0.9,0.0,1.6
16.95,0.0,530.5,544.9,0.0,0.0,0.0
16.96,7.6,546.7,545.2,0.2,2.5,1.5
16.97,0.0,532.4,562.6,1.5,0.0,0.0
16.98,3.8,551.8,570.9,6.0,1.7,0.0
16.99,5.5,557.7,570.3,0.0,0.7,3.6
17.0,0.8,553.8,568.3,0.0,0.6,7.4
17.01,0.0,558.8,576.5,2.5,0.0,0.0
17.02,2.5,549.2,566.6,5.1,0.0,0.3
17.03,5.6,543.5,567.7,0.0,0.0,0.0
17.04,1.4,541.7,564.1,0.0,3.8,0.0
17.05,0.0,533.4,562.1,0.2,0.0,0.0
17.06,1.2,524.3,552.1,4.5,0.0,1.4
17.07,0.0,516.1,541.1,0.0,3.0,0.0
17.08,0.0,502.4,532.7,2.7,0.0,0.0
17.09,0.0,489.6,511.6,7.9,0.0,4.8
17.1,0.2,474.4,508.4,0.0,0.0,0.0
17.11,0.0,465.2,474.1,0.0,4.2,0.0
17.12,1.0,442.9,475.0,1.9,0.3,0.0
17.13,2.1,424.0,447.4,0.7,1.2,0.0
17.14,0.0,405.6,432.5,1.0,1.2,5.9
17.15,0.0,390.5,415.8,0.0,7.2,2.4
17.16,0.4,371.0,390.0,0.0,0.0,5.2
17.17,7.3,349.0,365.9,0.0,0.0,0.0
17.18,1.8,323.5,343.5,2.5,0.1,1.4
17.19,0.1,300.6,308.8,0.0,0.0,4.2
17.2,0.0,273.2,283.1,0.0,3.2,2.3
17.21,2.3,249.4,262.3,0.0,3.3,6.3
17.22,0.8,222.8,232.6,0.0,0.0,1.6
17.23,2.8,191.0,203.5,0.1,0.0,0.0
17.24,0.0,162.0,180.6,0.0,10.0,0.0
17.25,0.5,143.6,150.5,0.0,0.0,1.7
17.26,0.0,110.1,112.2,1.2,3.5,2.4
17.27,1.5,85.0,87.2,0.0,34.6,4.6
17.28,0.0,47.4,48.5,5.2,54.2,20.7
17.29,0.0,21.0,17.5,16.7,87.2,51.5
17.3,2.2,0.0,0.0,5.6,106.7,73.0
17.31,2.8,2.6,0.0,8.2,141.0,100.4
17.32,0.0,0.0,0.0,0.0,160.8,136.1
17.33,0.0,0.0,1.8,0.8,181.3,166.0
17.34,2.6,7.8,0.0,0.0,217.2,192.6
17.35,6.3,2.7,4.5,0.0,234.9,215.1
17.36,0.0,2.6,2.2,0.0,253.5,247.0
17.37,0.0,0.0,0.0,1.8,273.1,262.0
17.38,3.2,0.0,3.6,2.7,303.6,291.3
17.39,3.3,3.9,0.0,0.6,327.8,305.9
17.4,4.4,0.0,1.6,0.0,344.3,321.1
17.41,4.1,0.0,0.0,3.7,363.8,353.5
17.42,0.0,0.0,5.3,0.0,387.6,375.8
17.43,0.0,0.0,2.9,0.0,401.6,397.0
17.44,2.5,0.0,0.0,0.0,413.5,414.2
17.45,0.0,0.0,0.0,0.0,429.5,434.1
17.46,1.5,0.0,13.1,0.0,449.0,456.3
17.47,0.0,1.0,0.0,1.2,462.5,467.8
17.48,0.0,4.3,0.0,0.0,477.4,476.0
17.49,0.0,0.0,0.0,0.0,485.9,482.1
17.5,0.0,0.8,0.0,0.0,497.3,499.6
17.51,0.0,2.2,0.0,1.7,504.9,519.8
17.52,0.0,1.8,0.0,1.2,515.1,521.6
17.53,0.0,0.0,1.9,0.0,520.7,534.1
17.54,2.3,0.0,0.0,2.0,521.8,540.4
17.55,0.0,3.0,0.0,0.0,526.0,542.7
17.56,6.7,1.3,0.0,3.2,530.6,546.2
17.57,4.9,0.0,0.0,0.0,531.0,546.2
17.58,0.0,0.0,4.0,2.4,535.8,558.6
17.59,0.8,0.2,0.0,3.5,530.0,545.3
17.6,4.9,0.0,0.0,0.3,520.8,551.6
17.61,0.0,0.0,3.5,8.4,517.8,547.0
17.62,0.0,2.0,5.0,2.0,516.3,541.4
17.63,5.2,0.0,1.0,7.1,513.6,532.3
17.64,2.8,0.9,0.0,10.1,500.0,519.3
17.65,4.3,0.0,0.0,0.0,496.5,511.7
17.66,1.3,0.0,0.0,4.6,480.5,502.9
17.67,0.0,2.5,0.0,2.1,472.8,496.0
17.68,0.0,4.7,2.9,1.0,461.2,485.3
17.69,0.5,0.0,0.0,0.0,441.2,468.9
17.7,4.9,3.8,0.0,0.0,432.5,453.4
17.71,5.0,0.0,0.0,0.0,421.4,440.1
17.72,4.3,0.0,2.7,8.9,397.2,410.1
17.73,3.1,0.0,1.5,1.9,380.3,391.0
17.74,8.8,2.4,0.0,0.0,362.1,374.0
17.75,0.0,0.0,0.0,0.0,341.7,363.2
17.76,0.9,0.0,0.0,0.0,320.8,329.9
17.77,0.0,0.0,3.9,4.8,299.1,315.5
17.78,6.2,1.8,4.7,0.2,270.9,288.6
17.79,0.0,0.7,3.1,2.0,256.1,268.9
17.8,4.0,17.8,0.0,0.0,226.5,243.0
17.81,0.0,39.3,12.5,3.8,208.3,219.3
17.82,1.7,73.8,36.5,0.0,185.0,190.8
17.83,0.0,105.8,70.8,1.2,158.9,168.9
17.84,0.0,137.1,98.9,1.1,128.3,145.1
17.85,1.3,168.4,135.3,0.0,107.4,117.2
17.86,3.7,191.7,164.9,0.0,79.3,83.2
17.87,0.0,224.8,205.6,0.0,51.6,53.6
17.88,3.6,246.5,235.3,1.3,35.9,30.0
17.89,4.2,277.1,259.9,5.6,0.0,9.2
17.9,0.0,305.8,290.3,0.5,2.0,0.0
17.91,7.5,333.0,313.9,0.0,6.1,3.4
17.92,3.0,355.7,332.9,1.2,1.5,3.1
17.93,0.0,377.0,365.7,0.0,0.0,3.1
17.94,2.5,398.3,396.2,0.0,0.0,5.1
17.95,4.2,421.5,418.1,6.1,0.0,0.0
17.96,2.4,447.5,436.5,0.0,0.4,0.0
17.97,0.8,460.1,461.3,1.0,0.5,0.2
17.98,19.4,474.8,475.3,0.0,0.0,4.9
17.99,70.7,482.8,489.8,5.0,5.7,4.9
18.0,117.9,498.3,512.8,0.0,0.0,0.0
18.01,150.8,512.3,521.3,0.0,0.0,4.0
18.02,194.8,527.5,539.9,3.9,6.1,0.0
18.03,232.5,528.6,538.1,0.0,0.0,0.0
18.04,262.6,541.8,552.4,3.5,2.2,0.0
18.05,287.6,544.9,563.7,0.0,2.7,0.0
18.06,320.4,549.2,568.1,0.0,0.0,0.0
18.07,351.8,548.6,568.1,0.0,3.9,4.0
18.08,376.5,547.0,571.2,9.6,0.5,2.3
18.09,382.0,543.7,569.7,0.6,0.0,0.2
18.1,405.7,546.5,560.4,0.7,0.0,0.2
18.11,410.8,538.4,560.3,4.6,0.0,0.0
18.12,424.4,527.4,556.1,0.0,11.2,0.0
18.13,426.7,523.9,548.9,0.0,3.1,0.0
18.14,436.0,526.3,536.4,6.9,5.2,3.1
18.15,419.6,499.8,522.5,2.4,10.2,0.0
18.16,417.1,493.6,505.7,0.0,0.0,0.0
18.17,404.2,461.4,498.6,0.2,0.0,5.5
18.18,382.9,454.0,481.2,4.2,0.0,6.8
18.19,363.9,440.8,463.9,0.0,0.0,4.8
18.2,339.8,417.6,435.5,0.6,0.0,1.7
18.21,310.0,394.1,418.6,8.1,0.0,1.1
18.22,279.8,374.5,392.3,0.0,4.4,0.0
18.23,248.9,355.2,371.0,2.1,3.1,0.7
18.24,211.1,335.4,356.8,0.0,3.9,2.5
18.25,176.7,305.7,322.1,6.3,0.0,2.8
18.26,139.3,273.0,287.7,1.2,0.3,1.8
18.27,100.7,246.8,261.0,0.0,1.6,0.0
18.28,60.9,218.7,230.9,0.0,7.7,4.6
18.29,16.8,187.4,202.5,0.0,0.7,0.8
18.3,0.0,160.8,164.8,0.7,0.0,0.0
18.31,1.7,130.5,140.6,4.6,4.5,0.8
18.32,3.2,96.4,98.7,0.0,0.0,1.2
18.33,0.0,73.9,68.1,0.0,2.1,0.0
18.34,0.0,41.4,50.1,0.0,2.0,0.0
18.35,0.0,6.2,7.8,0.0,0.0,0.0
18.36,0.0,0.6,5.7,0.0,0.0,0.0
18.37,4.6,0.0,0.0,0.0,1.2,2.3
18.38,2.8,0.0,0.0,1.7,34.1,0.0
18.39,0.0,2.8,0.0,0.0,64.3,35.1
18.4,7.6,1.9,10.8,0.0,107.3,74.1
18.41,0.0,0.0,0.0,1.2,140.4,105.6
18.42,5.7,1.2,7.1,0.0,168.4,146.2
18.43,4.9,0.0,1.4,2.4,200.6,183.7
18.44,4.6,0.0,0.5,0.8,237.8,216.2
18.45,1.3,0.0,0.0,0.8,273.8,248.9
18.46,0.5,1.7,0.0,0.0,300.9,282.7
18.47,0.0,1.2,2.3,0.0,330.5,312.5
18.48,3.4,0.0,5.3,0.2,352.2,344.8
18.49,0.0,0.7,0.8,0.4,381.5,365.9
18.5,0.0,0.1,3.0,0.0,404.4,398.1
18.51,6.7,0.0,0.0,6.3,425.5,426.2
18.52,2.5,0.0,8.7,0.0,451.2,448.9
18.53,3.8,2.0,1.0,0.3,467.2,482.1
18.54,0.0,5.5,8.1,36.5,486.3,492.4
18.55,0.0,0.0,0.0,76.5,504.2,505.2
18.56,1.3,3.9,0.0,124.0,519.6,529.7
18.57,0.0,0.0,4.3,158.1,533.8,548.0
18.58,0.0,5.6,0.6,200.9,536.6,554.3
18.59,3.0,0.0,2.1,248.4,550.2,568.6
18.6,4.3,0.0,0.0,286.3,567.2,577.2
18.61,0.0,1.4,0.0,323.8,565.8,583.8
18.62,3.2,0.0,0.0,352.9,570.9,585.9
18.63,8.1,2.1,0.0,369.8,571.1,594.7
18.64,6.1,0.0,0.0,403.7,567.6,598.8
18.65,0.0,0.0,0.0,411.8,561.1,584.2
18.66,0.0,0.0,2.5,433.5,556.9,577.6
18.67,0.9,0.8,0.0,436.9,559.3,574.1
18.68,9.4,4.3,0.0,453.5,539.8,572.3
18.69,5.4,1.3,0.0,439.3,537.2,554.3
18.7,0.0,4.2,8.6,435.6,515.1,543.2
18.71,6.2,0.0,2.0,426.0,500.0,522.5
18.72,4.7,2.9,0.0,409.1,484.3,515.7
18.73,0.0,3.0,1.8,386.4,464.2,487.8
18.74,4.2,0.0,0.0,375.1,440.4,468.6
18.75,0.5,4.4,1.6,335.8,421.6,441.2
18.76,0.0,1.3,3.5,303.9,391.8,415.8
18.77,0.4,0.0,0.8,271.0,373.7,392.9
18.78,1.7,0.0,0.5,234.1,346.4,365.2
18.79,0.0,0.0,5.9,189.9,320.3,338.8
18.8,0.0,2.5,2.2,153.7,286.2,297.9
18.81,0.0,1.2,0.8,106.1,260.8,268.9
18.82,3.2,2.3,0.2,60.0,228.3,237.0
18.83,0.0,0.3,0.0,15.9,195.0,206.3
18.84,0.0,0.8,0.0,0.0,169.6,166.7
18.85,0.0,0.0,2.7,0.0,130.2,135.5
18.86,0.0,4.3,5.1,0.0,92.6,97.4
18.87,0.0,2.4,1.7,3.7,66.3,63.2
18.88,4.7,0.7,2.3,0.0,27.8,24.2
18.89,3.2,0.0,0.0,0.0,7.1,0.0
18.9,0.0,0.0,0.0,0.0,0.0,1.1
18.91,0.0,0.0,0.0,0.0,0.0,4.5
18.92,0.0,0.0,0.0,0.0,0.0,3.3
18.93,0.0,25.4,3.9,0.0,0.0,4.5
18.94,0.0,49.1,13.5,1.5,0.7,4.9
18.95,0.3,80.7,49.5,13.3,0.0,0.0
18.96,1.2,110.6,85.9,0.8,0.0,7.5
18.97,1.4,140.2,121.0,1.3,0.0,3.0
18.98,0.0,172.0,142.3,0.0,5.5,0.0
18.99,0.3,206.5,179.1,0.0,3.6,0.0
19.0,5.1,232.5,209.6,8.2,0.0,0.6
19.01,0.0,260.6,239.8,0.0,0.0,3.5
19.02,1.3,287.7,271.8,0.0,3.4,0.0
19.03,0.0,317.6,294.5,1.0,0.0,0.0
19.04,5.6,343.7,328.8,0.0,2.4,3.2
19.05,3.3,359.0,357.3,2.4,0.0,0.0
19.06,3.1,386.5,378.6,6.3,6.6,1.2
19.07,0.0,411.1,405.2,1.5,2.6,0.2
19.08,1.1,433.7,430.2,0.9,0.0,0.0
19.09,1.5,451.5,452.0,2.6,0.0,7.1
19.1,4.1,471.9,464.9,10.8,1.3,0.1
19.11,56.6,479.0,492.6,9.1,0.0,0.0
19.12,100.3,500.8,509.3,0.0,0.0,0.2
19.13,133.1,520.2,518.4,3.8,1.9,0.0
19.14,180.7,523.3,541.2,7.1,0.0,1.4
19.15,216.5,532.9,547.5,2.8,3.0,3.4
19.16,257.4,542.4,556.4,0.0,0.0,10.8
19.17,283.4,544.0,565.4,0.0,3.7,0.4
19.18,316.2,546.6,564.1,0.4,0.0,0.0
19.19,344.2,552.9,570.5,0.0,0.0,0.8
19.2,355.6,546.6,576.1,3.6,0.0,5.8
19.21,385.9,553.5,570.1,5.6,0.0,2.0
19.22,404.3,551.0,569.7,0.0,0.0,3.3
19.23,407.2,537.5,569.3,0.0,4.3,3.0
19.24,427.9,537.8,562.0,0.0,0.0,2.0
19.25,430.0,527.9,552.8,1.9,0.0,0.0
19.26,430.2,524.5,543.0,0.0,0.0,0.0
19.27,428.8,511.9,530.3,0.0,0.0,0.0
19.28,416.2,496.5,520.8,11.7,1.4,0.0
19.29,405.8,482.8,510.4,0.0,2.3,0.0
19.3,392.9,459.7,486.1,0.0,3.0,7.4
19.31,369.6,444.0,471.3,3.8,0.0,0.0
19.32,338.5,422.2,444.0,2.6,0.0,0.4
19.33,319.1,398.2,421.2,0.0,0.0,0.0
19.34,289.0,380.1,397.4,0.0,0.0,0.8
19.35,259.4,355.8,372.2,1.8,0.0,0.3
19.36,219.0,330.5,348.7,1.5,6.4,0.0
19.37,178.9,305.1,326.2,0.0,0.0,2.4
19.38,139.6,278.7,298.4,4.0,0.0,0.0
19.39,108.4,254.2,263.1,2.3,0.0,0.0
19.4,62.1,219.7,233.6,5.3,0.0,0.0
19.41,24.1,187.5,203.9,0.0,0.0,3.2
19.42,6.1,165.3,173.1,3.2,0.0,0.0
19.43,0.0,135.5,142.2,0.0,7.5,0.4
19.44,0.0,102.5,105.5,2.2,2.2,1.6
19.45,0.0,65.3,73.1,1.4,5.9,1.0
19.46,2.5,37.8,46.0,3.4,34.0,0.8
19.47,0.0,7.8,5.9,2.1,70.9,23.9
19.48,1.8,0.0,0.0,0.0,91.8,61.1
19.49,1.6,0.0,0.0,0.0,117.3,87.9
19.5,0.0,0.0,0.3,0.3,154.6,115.2
19.51,0.0,4.7,0.0,1.9,177.2,150.8
19.52,1.8,0.9,0.0,3.3,203.5,180.6
19.53,8.3,0.0,1.7,2.2,231.5,223.9
19.54,0.0,0.0,8.0,0.0,264.1,244.9
19.55,1.3,0.0,0.0,3.7,287.9,272.4
19.56,0.0,0.0,3.1,0.0,309.6,295.1
19.57,0.9,2.9,0.7,5.1,339.8,322.7
19.58,0.0,0.0,4.6,5.3,358.0,359.6
19.59,0.0,5.3,0.0,0.0,377.4,371.7
19.6,9.8,8.8,4.4,0.0,400.2,399.1
19.61,0.4,0.7,5.6,0.0,426.0,428.3
19.62,0.0,0.0,5.8,0.0,442.2,439.7
19.63,2.6,4.7,5.7,0.0,464.0,463.7
19.64,4.5,1.1,0.8,0.0,485.1,482.2
19.65,2.7,0.0,2.3,27.6,493.9,496.7
19.66,0.0,0.0,0.0,62.7,521.6,519.9
19.67,0.0,0.0,0.0,106.0,525.2,527.5
19.68,0.0,0.8,1.0,146.3,535.2,548.8
19.69,0.0,3.6,0.0,181.4,541.0,559.7
19.7,0.0,1.1,3.9,214.6,554.0,572.3
19.71,0.0,1.8,3.4,242.3,562.0,577.2
19.72,4.9,0.0,0.0,288.3,572.1,587.2
19.73,3.7,3.4,9.4,313.1,571.4,595.8
19.74,5.1,0.0,1.6,341.8,578.7,590.5
19.75,0.0,7.4,0.0,365.7,578.8,594.2
19.76,0.0,0.0,0.0,388.7,582.7,602.6
19.77,0.3,1.6,0.0,406.5,581.7,603.2
19.78,1.7,8.8,3.1,421.5,576.0,598.4
19.79,0.3,4.2,0.0,436.5,573.4,598.0
19.8,1.4,3.0,0.0,446.4,569.0,587.6
19.81,6.3,1.2,0.0,453.6,559.4,587.3
19.82,0.0,0.2,0.0,446.9,549.7,573.6
19.83,3.2,0.0,2.3,449.9,540.1,560.8
19.84,2.1,0.0,0.0,437.7,533.4,558.2
19.85,0.4,0.0,0.0,433.9,514.6,542.8
19.86,3.0,2.6,1.9,423.4,502.8,523.3
19.87,0.0,0.0,0.0,412.3,481.7,507.5
19.88,0.0,2.6,2.3,390.8,473.7,494.4
19.89,1.7,0.0,0.0,372.9,451.5,469.5
19.9,0.0,0.0,6.3,344.9,429.2,455.0
19.91,2.0,5.6,0.8,317.4,410.0,432.0
19.92,0.0,0.0,4.9,287.4,388.1,411.3
19.93,6.1,0.0,2.1,262.1,366.7,379.0
19.94,0.0,0.0,2.3,224.5,344.3,359.1
19.95,5.8,0.6,0.0,181.2,318.5,338.4
19.96,0.0,0.0,4.7,156.9,288.0,315.3
19.97,0.0,5.8,0.9,112.9,275.7,283.5
19.98,3.5,0.0,0.0,78.8,243.2,259.0
19.99,1.2,16.3,0.0,34.3,216.1,221.7
20.0,3.0,14.2,0.6,0.1,187.2,196.6
20.01,5.9,59.4,19.1,0.0,163.0,169.8
20.02,8.3,81.1,40.3,0.0,131.0,138.3
20.03,19.0,105.1,70.9,0.0,100.7,111.0
20.04,0.0,135.0,103.9,0.0,71.8,76.1
20.05,0.0,160.8,139.8,3.1,48.5,45.1
20.06,4.7,191.4,157.9,0.0,14.9,17.5
20.07,4.4,214.4,192.1,0.0,0.0,0.0
20.08,0.0,246.8,219.5,0.0,0.0,0.0
20.09,0.0,270.7,253.9,3.6,0.0,1.9
20.1,5.1,291.3,278.6,0.0,4.3,0.0
20.11,0.0,321.4,304.5,6.0,0.0,5.7
20.12,0.0,344.8,331.0,4.9,2.7,0.0
20.13,0.4,363.1,359.8,5.7,2.8,0.0
20.14,0.0,386.0,385.1,3.9,0.9,6.5
20.15,3.7,410.4,407.5,0.0,0.0,7.9
20.16,0.1,432.2,427.4,0.2,0.0,0.0
20.17,0.0,445.7,451.2,0.0,2.7,4.4
20.18,0.0,467.1,461.1,3.4,0.0,3.1
20.19,5.2,484.0,484.4,0.0,0.7,0.0
20.2,0.0,499.1,508.8,0.0,0.2,1.9
20.21,2.5,508.9,507.2,6.6,3.1,0.0
20.22,0.0,515.5,526.1,0.0,0.0,0.0
20.23,0.0,533.2,536.4,0.0,0.0,2.0
20.24,3.0,537.9,552.4,0.0,2.1,2.3
20.25,4.3,548.3,566.1,4.3,0.0,0.0
20.26,7.4,549.9,570.1,0.8,0.0,0.0
20.27,0.0,554.7,573.1,1.8,0.0,0.0
20.28,0.0,557.4,580.5,0.9,7.2,0.0
20.29,2.6,556.6,579.9,0.0,2.2,0.0
20.3,0.0,559.6,582.9,0.0,0.0,3.0
20.31,0.0,556.4,584.1,0.0,1.9,0.0
20.32,0.4,559.9,586.4,1.3,3.9,0.0
20.33,0.0,548.9,577.4,0.0,0.0,6.9
20.34,0.0,544.5,571.0,0.0,0.0,2.0
20.35,0.0,539.8,571.3,0.0,5.2,3.6
20.36,2.3,538.1,546.7,5.3,0.0,2.4
20.37,0.7,517.8,544.0,0.0,0.0,3.8
20.38,0.7,503.3,529.6,0.0,0.0,1.7
20.39,1.8,490.5,518.4,6.9,0.0,1.9
20.4,0.0,477.9,507.1,0.0,5.5,0.5
20.41,0.0,462.9,492.5,0.0,4.9,0.0
20.42,1.0,457.8,469.0,0.0,0.0,3.5
20.43,0.0,434.2,455.0,0.0,0.0,0.0
20.44,0.0,409.7,428.6,0.0,5.1,0.5
20.45,0.0,397.9,405.8,6.4,3.1,1.5
20.46,0.0,366.4,388.7,2.9,0.0,1.8
20.47,3.7,344.7,364.0,0.0,2.6,0.0
20.48,6.1,321.0,346.3,0.0,2.6,0.8
20.49,5.3,302.6,323.3,2.0,0.0,0.0
20.5,0.0,273.0,285.9,0.0,0.0,0.7
20.51,0.0,253.4,253.9,0.0,0.0,3.1
20.52,2.6,222.6,227.7,4.7,0.0,7.2
20.53,5.2,197.3,201.1,0.0,0.0,2.3
20.54,0.0,158.7,176.1,0.0,0.0,3.5
20.55,0.7,131.0,144.5,5.8,19.5,0.0
20.56,0.0,102.6,110.4,2.9,43.6,15.3
20.57,1.1,78.8,92.2,15.1,79.0,39.7
20.58,0.0,45.3,57.0,5.6,107.2,79.8
20.59,0.7,27.2,30.6,6.6,134.6,101.4
20.6,0.0,0.0,0.0,0.0,165.2,132.1
20.61,0.0,2.5,5.1,0.0,193.6,169.1
20.62,12.4,0.0,0.0,0.0,217.6,202.3
20.63,0.3,3.3,0.0,3.2,245.5,228.8
20.64,8.5,0.0,0.1,0.0,268.8,251.5
20.65,6.0,0.0,0.0,0.0,294.2,276.6
20.66,0.0,2.0,0.0,0.0,327.9,305.8
20.67,1.4,2.3,3.8,2.1,344.6,334.0
20.68,0.0,0.0,0.0,0.0,368.2,358.3
20.69,0.0,0.0,6.0,0.1,389.8,378.6
20.7,0.0,4.0,1.6,0.1,412.5,410.9
20.71,0.0,0.0,0.0,0.0,428.5,432.9
20.72,0.0,0.0,3.7,6.8,447.5,456.0
20.73,0.0,8.9,1.5,0.0,470.5,461.3
20.74,0.2,0.4,0.0,2.8,476.9,482.9
20.75,0.0,0.0,0.0,5.1,498.5,504.0
20.76,0.6,0.0,6.0,0.0,508.0,518.4
20.77,4.5,2.6,0.0,0.2,515.4,530.6
20.78,1.1,0.0,0.0,2.1,533.9,541.5
20.79,0.0,2.0,0.0,0.0,539.0,552.0
20.8,1.4,4.4,2.0,0.0,546.2,573.6
20.81,0.0,0.0,0.0,0.0,568.4,567.7
20.82,3.8,4.0,0.0,6.6,565.1,573.5
20.83,0.0,0.0,0.0,2.3,568.7,579.7
20.84,6.2,0.0,0.2,0.3,568.1,588.3
20.85,3.1,0.0,1.1,3.0,564.0,587.9
20.86,2.2,1.1,0.0,0.0,567.0,590.5
20.87,2.4,1.2,0.0,0.1,563.7,584.2
20.88,0.0,3.9,0.6,0.0,553.3,583.9
20.89,0.0,3.5,4.8,1.9,562.6,578.9
20.9,0.0,8.3,3.4,0.0,548.0,578.2
20.91,7.0,0.0,0.0,0.0,536.5,570.8
20.92,0.4,1.4,4.0,3.5,530.3,553.2
20.93,0.0,0.0,0.0,0.0,512.9,545.9
20.94,2.1,3.7,0.0,2.3,501.9,530.3
20.95,1.4,0.0,5.8,2.6,497.7,518.4
20.96,0.0,3.7,1.8,0.0,474.1,501.1
20.97,0.0,0.0,0.8,0.0,459.4,485.4
20.98,2.9,3.1,0.0,0.0,442.0,467.4
20.99,3.8,4.8,1.2,0.0,421.8,445.9
21.0,1.3,0.0,0.0,2.4,400.1,423.8
21.01,0.3,0.0,0.0,2.4,390.1,405.3
21.02,0.0,0.9,0.0,0.0,355.7,377.3
21.03,1.9,0.5,0.3,1.6,331.8,351.2
21.04,0.0,0.0,0.0,0.9,313.2,322.0
21.05,0.0,0.0,0.0,3.7,281.2,303.7
21.06,4.5,0.0,1.1,8.7,264.6,277.7
21.07,0.0,1.3,3.9,2.3,233.3,240.2
21.08,0.0,0.0,0.0,0.0,207.6,216.2
21.09,5.2,1.5,0.0,3.0,180.6,192.5
21.1,0.0,0.0,0.0,0.0,150.0,159.3
21.11,0.0,21.6,0.0,8.9,126.5,130.0
21.12,0.0,55.0,12.4,0.0,96.6,103.0
21.13,0.0,80.7,49.9,1.8,67.0,68.2
21.14,8.9,99.4,67.4,0.0,29.7,39.3
21.15,0.0,126.1,104.3,0.0,5.0,2.4
21.16,1.4,158.6,129.2,0.0,0.0,1.4
21.17,3.2,175.1,160.2,5.4,7.0,0.0
21.18,0.0,211.6,189.4,2.3,0.0,0.0
21.19,4.3,230.7,211.0,0.0,0.0,0.0
21.2,1.5,251.5,241.5,6.9,4.3,2.2
21.21,3.0,276.8,268.3,0.0,0.0,0.2
21.22,0.0,304.5,291.9,2.9,0.0,0.0
21.23,1.8,311.9,307.4,0.0,6.7,3.5
21.24,0.0,345.0,324.8,0.0,1.5,1.3
21.25,4.5,365.2,353.9,2.8,3.4,4.2
21.26,0.0,377.6,375.7,1.2,2.9,0.0
21.27,8.1,396.1,386.7,8.6,0.5,5.7
21.28,1.4,413.3,413.2,0.0,0.4,6.3
21.29,3.1,430.9,419.8,2.7,3.5,3.6
21.3,38.7,439.0,452.2,0.0,0.0,2.0
21.31,75.5,454.7,462.6,3.4,6.9,2.0
21.32,108.1,465.8,470.7,3.1,0.0,1.3
21.33,147.5,479.2,486.4,0.0,4.1,0.0
21.34,177.9,496.0,497.4,0.0,2.0,0.0
21.35,217.2,489.9,507.4,0.0,0.0,0.0
21.36,237.5,499.3,513.3,0.0,1.9,0.0
21.37,266.6,500.7,522.8,1.5,0.5,5.7
21.38,290.9,505.1,518.6,0.0,0.0,2.0
21.39,323.3,504.7,526.1,0.0,0.0,7.1
21.4,330.5,503.3,535.3,3.6,0.0,3.2
21.41,354.4,513.3,526.7,3.5,2.0,0.0
21.42,370.0,507.6,527.5,0.0,0.0,5.2
21.43,375.9,502.8,519.4,2.3,3.5,0.0
21.44,399.5,493.7,527.4,0.0,0.0,5.5
21.45,390.5,490.4,513.8,0.0,0.0,6.0
21.46,396.4,478.1,499.9,3.1,0.0,5.4
21.47,401.7,473.4,500.2,0.0,8.1,4.3
21.48,388.8,464.2,481.0,5.7,12.1,1.7
21.49,383.0,448.8,476.0,1.0,8.0,0.0
21.5,370.1,434.8,464.1,1.9,0.0,7.5
21.51,357.1,421.5,453.4,4.3,0.0,1.1
21.52,344.5,411.2,430.1,3.6,0.0,0.0
21.53,318.6,392.0,412.2,3.2,3.1,1.8
21.54,287.0,367.0,385.4,0.0,8.4,4.6
21.55,272.4,357.5,372.1,0.0,3.6,4.4
21.56,245.4,336.9,350.4,0.0,0.8,0.0
21.57,216.5,314.7,330.8,1.9,0.0,4.3
21.58,183.8,298.9,306.8,0.0,0.0,2.8
21.59,148.4,270.0,288.4,2.3,0.4,0.0
21.6,116.8,248.4,258.6,1.5,3.5,0.0
21.61,89.9,224.7,237.6,0.0,0.0,5.7
21.62,47.0,201.8,209.3,0.2,1.6,6.1
21.63,13.7,172.3,180.8,0.3,1.1,6.3
21.64,0.0,145.1,153.4,1.8,20.5,0.0
21.65,0.0,125.6,129.8,3.0,47.1,13.7
21.66,0.0,99.0,106.5,11.5,77.6,45.1
21.67,5.2,73.9,69.9,0.7,105.0,81.1
21.68,0.0,43.7,44.7,0.0,130.1,108.3
21.69,1.5,8.5,17.9,0.0,164.3,133.8
21.7,1.4,0.7,0.0,0.0,194.2,164.5
21.71,1.1,0.1,0.0,0.0,215.0,195.4
21.72,0.0,4.9,1.9,2.8,240.0,223.7
21.73,0.0,4.2,0.0,0.0,268.4,254.9
21.74,0.5,2.5,0.0,1.6,290.5,280.6
21.75,0.0,0.0,0.0,0.0,317.9,305.6
21.76,0.0,0.0,0.0,1.8,336.4,322.5
21.77,0.0,0.0,0.0,3.5,359.9,346.7
21.78,0.0,0.0,0.0,0.0,385.1,368.4
21.79,0.0,0.7,1.5,1.7,402.7,395.7
21.8,0.0,5.9,0.0,0.0,415.3,412.7
21.81,0.0,3.1,3.0,0.0,437.3,436.2
21.82,0.0,0.0,0.0,17.6,444.5,454.6
21.83,0.0,0.0,0.0,55.4,462.5,469.2
21.84,0.0,0.0,3.2,94.0,479.8,486.9
21.85,9.5,0.0,0.0,132.5,494.3,494.4
21.86,0.0,3.2,0.0,163.6,495.4,503.2
21.87,1.6,3.9,4.0,198.5,507.2,516.8
21.88,0.9,0.0,0.1,230.8,514.6,531.9
21.89,2.2,0.0,0.0,264.0,520.1,543.2
21.9,0.0,6.7,0.0,290.5,519.9,547.4
21.91,5.8,0.0,4.9,317.5,529.5,544.7
21.92,2.7,2.6,0.0,337.2,523.6,551.7
21.93,2.8,2.1,0.2,356.1,532.9,542.9
21.94,0.0,0.0,0.0,373.6,531.8,553.6
21.95,0.4,0.0,0.0,392.5,520.4,546.8
21.96,0.0,1.7,2.0,400.9,512.9,543.5
21.97,0.0,0.0,0.0,405.9,511.4,526.7
21.98,0.0,0.0,0.0,413.6,501.4,528.5
21.99,0.0,0.0,0.0,416.4,493.2,524.8
22.0,1.8,7.4,0.0,404.5,483.5,507.7
22.01,3.9,0.0,0.0,394.6,467.0,493.7
22.02,3.7,0.8,0.0,391.6,463.6,479.2
22.03,1.2,3.1,0.0,373.4,439.3,461.9
22.04,0.2,0.0,4.2,354.8,429.3,448.3
22.05,0.0,0.1,0.2,338.8,404.3,424.9
22.06,0.0,2.0,1.0,309.8,389.3,412.0
22.07,0.0,0.0,5.1,285.9,370.9,393.9
22.08,0.0,0.0,0.0,256.0,348.6,365.8
22.09,1.4,0.0,1.6,237.0,325.0,345.9
22.1,6.2,6.9,1.3,190.3,301.0,320.0
22.11,0.0,0.0,3.3,159.7,277.4,296.7
22.12,0.0,0.5,0.0,118.7,251.6,272.7
22.13,3.9,0.0,0.0,84.2,230.1,243.8
22.14,0.0,5.4,0.0,43.6,209.9,218.0
22.15,4.2,0.0,0.0,9.1,177.3,188.4
22.16,0.0,0.0,9.3,0.0,151.0,160.9
22.17,2.6,0.0,0.0,2.0,125.2,129.4
22.18,0.0,10.1,3.7,0.0,91.0,99.8
22.19,1.3,1.8,2.8,0.0,57.2,71.2
22.2,8.3,0.0,0.0,0.0,35.9,38.0
22.21,0.0,0.0,0.0,1.5,10.7,9.7
22.22,0.0,5.4,0.2,0.0,8.0,0.0
22.23,0.3,0.0,1.6,8.8,0.0,0.0
22.24,6.1,0.0,1.3,0.0,4.4,0.6
22.25,0.7,0.0,7.0,5.0,1.0,0.0
22.26,0.2,5.9,3.6,4.6,0.0,7.9
22.27,0.7,0.0,2.6,0.0,0.0,0.0
22.28,0.0,0.0,3.9,0.0,0.0,3.2
22.29,0.7,0.0,5.4,0.0,2.3,0.0
22.3,0.0,0.0,0.0,4.5,4.9,0.1
22.31,5.3,1.4,0.0,9.1,0.0,0.0
22.32,3.2,0.0,0.0,0.0,2.0,0.0
22.33,0.0,0.0,0.0,0.1,0.0,1.3
22.34,0.0,0.0,0.0,0.0,0.0,0.0
22.35,2.1,0.0,0.4,0.0,1.7,3.1
22.36,0.0,0.0,0.0,6.8,7.7,5.2
22.37,0.0,0.0,2.6,0.0,0.0,0.0
22.38,0.0,1.1,1.2,0.0,0.0,4.4
22.39,1.4,0.0,1.5,0.8,0.0,0.0
22.4,4.1,0.0,0.0,1.5,1.8,0.0
22.41,0.9,3.0,0.0,0.0,0.0,0.0
22.42,9.8,0.0,0.0,0.0,6.3,0.0
22.43,0.0,0.2,2.3,0.6,1.4,0.0
22.44,3.0,2.7,7.7,0.0,0.0,0.0
22.45,0.0,0.0,0.7,1.7,0.0,0.2
22.46,6.4,0.0,1.1,0.0,1.5,0.0
22.47,5.4,0.0,0.0,5.5,2.8,0.0
22.48,2.8,0.0,0.0,1.3,0.0,0.0
22.49,0.0,0.0,5.1,0.0,0.0,0.0
22.5,2.8,1.5,0.4,0.0,0.0,3.2
22.51,0.0,0.0,2.6,0.0,0.8,1.0
22.52,1.8,0.0,5.2,0.0,5.2,7.5
22.53,0.0,3.9,4.4,0.0,0.0,0.0
22.54,1.1,0.0,0.1,0.2,3.8,1.3
22.55,0.0,5.9,0.4,0.0,1.5,0.0
22.56,0.0,0.0,0.0,5.7,0.0,0.0
22.57,2.4,0.0,2.0,0.0,3.2,0.0
22.58,0.0,0.0,0.0,0.0,0.0,3.4
22.59,0.0,0.4,1.4,0.0,0.0,3.5
22.6,2.9,0.0,4.2,0.0,0.0,1.4
22.61,7.6,0.6,0.0,0.0,0.0,6.3
22.62,1.1,0.0,0.0,0.0,0.0,1.8
22.63,0.0,0.0,0.0,0.0,0.7,1.3
22.64,0.0,0.0,2.7,4.6,2.4,6.0
22.65,0.3,4.0,1.1,3.7,0.0,0.0
22.66,4.1,0.0,0.0,0.0,0.0,5.7
22.67,0.5,0.7,3.6,0.1,0.0,0.0
22.68,2.0,1.8,7.6,1.7,0.0,0.0
22.69,0.0,0.0,0.0,2.3,7.0,0.0
22.7,3.8,2.1,0.0,6.4,2.2,1.0
22.71,2.5,3.3,0.1,0.0,0.0,5.3
22.72,0.0,3.9,0.0,0.0,0.0,0.0
22.73,1.8,0.0,4.8,0.0,2.8,0.0
22.74,0.0,0.0,1.1,1.5,0.1,0.0
22.75,1.8,0.0,0.0,0.0,0.0,0.0
22.76,0.0,0.0,0.0,0.0,3.3,0.0
22.77,0.6,0.1,0.0,0.0,1.5,0.2
22.78,1.3,0.0,5.5,0.0,0.0,6.3
22.79,1.1,0.7,2.5,8.3,0.0,0.0
22.8,5.7,0.0,0.0,3.6,4.1,0.9
22.81,0.1,2.6,0.4,0.0,0.0,0.9
22.82,0.8,5.9,0.0,0.0,0.0,0.0
22.83,5.3,0.0,0.0,0.0,0.0,1.1
22.84,7.6,0.8,0.0,5.2,1.2,0.0
22.85,0.0,6.7,0.0,0.0,0.0,1.7
22.86,0.0,0.1,0.0,0.0,0.0,0.0
22.87,0.0,1.2,0.0,0.0,0.0,0.0
22.88,1.8,7.4,6.8,0.0,1.4,0.0
22.89,0.0,8.1,0.0,6.6,0.0,0.0
22.9,0.0,0.0,0.0,0.0,0.0,0.0
22.91,4.5,0.0,0.2,0.0,0.0,3.3
22.92,3.3,3.6,0.0,6.4,4.4,0.0
22.93,4.6,2.0,0.6,0.0,2.6,0.0
22.94,5.4,2.8,0.0,0.0,2.5,0.0
22.95,0.8,0.0,0.9,0.0,0.0,0.0
22.96,1.0,0.0,0.0,0.0,0.0,8.8
22.97,4.0,7.1,0.0,0.0,1.9,0.0
22.98,0.0,3.1,2.5,0.0,0.0,0.0
22.99,0.0,1.4,2.9,0.0,0.0,0.0
